id,first_name,last_name,email,gender,ip_address
Morais,Lorena,Grunnill,lgrunnill0@techcrunch.com,Female,14.53.45.13
Boles,Catina,Groves,cgroves1@51.la,Female,43.153.102.210
Marlor,Kiah,Rawsthorn,krawsthorn2@ow.ly,Female,119.106.218.56
Muselli,Noell,Grinvalds,ngrinvalds3@blog.com,Female,129.29.92.85
Kebell,Madge,Challener,mchallener4@bluehost.com,Female,237.6.165.102
Losbie,Codee,Hendrik,chendrik5@hubpages.com,Female,63.106.18.60
Wolseley,Dannel,Peachey,dpeachey6@twitpic.com,Male,219.78.193.91
Yarrington,Elva,Sipson,esipson7@nature.com,Female,10.122.76.157
Trudgion,Shandy,Saban,ssaban8@sfgate.com,Genderqueer,13.195.78.247
Cadd,Chick,Longthorne,clongthorne9@statcounter.com,Male,1.110.171.221
Shewen,Granny,Yurukhin,gyurukhina@alexa.com,Male,163.221.202.57
Lettuce,Friedrich,Waren,fwarenb@hatena.ne.jp,Male,98.219.95.46
Longhorne,Gus,Beyer,gbeyerc@prweb.com,Male,188.12.189.2
Purches,Karrah,O'Keeffe,kokeeffed@reddit.com,Female,20.149.236.209
Bucky,Natalina,Blackwood,nblackwoode@admin.ch,Female,205.146.139.253
Girard,Cheri,Larrosa,clarrosaf@discuz.net,Female,30.145.74.78
Kremer,Gretel,Moyse,gmoyseg@1688.com,Female,78.245.93.16
Poppy,Boonie,Swithenby,bswithenbyh@apache.org,Male,230.177.138.68
Heugle,Kyle,Blaes,kblaesi@nhs.uk,Female,132.128.149.211
Langcaster,Dorie,Townsley,dtownsleyj@arstechnica.com,Male,154.30.145.54
O' Cloney,Helaine,McCaster,hmccasterk@sfgate.com,Female,197.232.113.39
Denisovich,Roze,Jenik,rjenikl@e-recht24.de,Female,171.192.235.140
Paxforde,Kelley,Jose,kjosem@shop-pro.jp,Female,156.16.153.109
Jenton,Fey,Gledhill,fgledhilln@furl.net,Female,134.169.73.188
Fettiplace,Conway,Sacchetti,csacchettio@huffingtonpost.com,Male,174.186.218.85
Bodell,Halli,Webberley,hwebberleyp@feedburner.com,Female,43.63.223.135
Grundey,Rebekah,Pomeroy,rpomeroyq@bluehost.com,Polygender,187.178.110.76
Ivankov,Ilyssa,Parffrey,iparffreyr@booking.com,Female,216.13.255.51
Charon,Regina,Hyland,rhylands@cnet.com,Female,133.60.247.138
Hablot,Meredith,Grossier,mgrossiert@twitter.com,Female,249.51.191.109
Praundl,Derek,Coates,dcoatesu@webnode.com,Genderfluid,172.144.14.7
Dowzell,Tom,Kobieriecki,tkobierieckiv@dyndns.org,Male,171.42.132.154
Britian,Editha,Basterfield,ebasterfieldw@google.de,Female,40.129.138.134
Petroulis,Alberik,Knewstubb,aknewstubbx@oracle.com,Male,111.117.71.112
Glasscoe,Farrah,Fermin,fferminy@upenn.edu,Female,48.58.56.178
Tinwell,Giorgio,O'Neill,goneillz@abc.net.au,Male,237.137.5.112
Sommers,Lamar,Danick,ldanick10@liveinternet.ru,Male,121.195.114.197
Mannie,Hermon,Gounin,hgounin11@whitehouse.gov,Male,96.208.72.202
Abrahams,Jeannie,Feighry,jfeighry12@sun.com,Female,122.161.155.177
MacCallam,Lockwood,Graffham,lgraffham13@cnn.com,Male,89.20.45.175
Kieff,Bertie,Vinnick,bvinnick14@mlb.com,Female,142.149.43.219
Smallshaw,Georgie,Calley,gcalley15@imdb.com,Female,36.197.47.137
Farebrother,Charisse,Hurdwell,churdwell16@si.edu,Female,112.137.126.110
Geraldi,Humberto,Matura,hmatura17@mit.edu,Male,216.251.109.103
Skipping,Coralyn,Kurten,ckurten18@ucla.edu,Female,189.225.77.168
Calderon,Evelina,Twigge,etwigge19@unblog.fr,Female,118.95.21.218
Wassell,Angie,MacIlurick,amacilurick1a@acquirethisname.com,Male,220.174.58.185
Taylour,Gabe,Sinton,gsinton1b@yelp.com,Male,179.71.85.248
Rusling,Brew,McCrory,bmccrory1c@domainmarket.com,Male,120.148.148.220
Lehr,Moss,Tarply,mtarply1d@scientificamerican.com,Male,241.91.218.241
Mollnar,Sandro,Wontner,swontner1e@fema.gov,Male,197.50.211.237
Pavey,Alexine,Leare,aleare1f@list-manage.com,Female,111.30.188.200
Guerreiro,Ewell,Amott,eamott1g@google.cn,Male,137.152.205.232
Spatari,Glenna,Seymer,gseymer1h@sourceforge.net,Female,82.15.122.190
Doumerc,Thorvald,Lewcock,tlewcock1i@hc360.com,Male,135.146.186.106
Bezley,Lisette,Guitte,lguitte1j@ning.com,Female,110.7.15.190
Matusson,Elton,Gregor,egregor1k@bluehost.com,Bigender,225.93.42.125
Goodbur,Amandie,Mews,amews1l@nydailynews.com,Female,77.42.131.163
Dignon,Kelvin,Pawlowicz,kpawlowicz1m@edublogs.org,Male,247.235.63.223
Mandrey,Gipsy,Blundon,gblundon1n@multiply.com,Female,57.13.145.207
Goodge,Abbe,Broz,abroz1o@dyndns.org,Female,121.232.254.174
Scarlett,Matthieu,Aynold,maynold1p@pen.io,Male,127.58.131.45
Southwood,Edlin,Weatherup,eweatherup1q@myspace.com,Male,157.183.147.66
Daelman,Eward,Klagges,eklagges1r@reverbnation.com,Male,140.69.134.59
Farreil,Trudey,Briston,tbriston1s@google.co.jp,Female,234.112.131.232
Bernhard,Clerkclaude,Yon,cyon1t@surveymonkey.com,Male,214.145.68.132
Spridgen,Giovanna,Ortells,gortells1u@digg.com,Female,63.108.175.95
Dinjes,Cathee,Bond,cbond1v@phoca.cz,Non-binary,38.42.121.218
Bygrave,Dasie,Emblin,demblin1w@elegantthemes.com,Female,146.121.64.21
Shellibeer,Katee,Hefferon,khefferon1x@amazonaws.com,Female,115.107.96.241
Marklow,Sheila,Guilloneau,sguilloneau1y@bigcartel.com,Female,112.66.18.203
Soloway,Cam,Brammar,cbrammar1z@washington.edu,Agender,98.187.132.228
Copas,Cherri,Osipov,cosipov20@xing.com,Female,199.3.38.186
Reimers,Alyss,Whitchurch,awhitchurch21@apple.com,Female,9.28.90.2
Eggleson,Sissy,Philpotts,sphilpotts22@forbes.com,Female,213.114.199.96
Heel,Fabe,Sheriff,fsheriff23@fc2.com,Male,173.94.53.57
Shepland,Charity,Prestwich,cprestwich24@mysql.com,Female,41.87.29.234
Stollenbeck,Elenore,Franey,efraney25@ycombinator.com,Female,216.99.231.229
McHardy,Vida,Dimitrescu,vdimitrescu26@networkadvertising.org,Female,63.149.178.206
Berendsen,Mano,Burling,mburling27@bloomberg.com,Male,162.127.129.80
Salzberg,Myrtie,Gallifont,mgallifont28@elpais.com,Female,90.240.198.29
Matisse,Garner,Shaefer,gshaefer29@wired.com,Male,159.148.229.124
Hubbard,Sax,O'Hear,sohear2a@eepurl.com,Male,120.214.25.62
Roff,Drusy,Syde,dsyde2b@dropbox.com,Female,72.78.111.30
Archer,Sheilah,Rawlence,srawlence2c@merriam-webster.com,Female,226.21.211.1
Kleinmintz,Keary,Moakes,kmoakes2d@xrea.com,Male,183.209.146.132
Pritty,Flem,Conew,fconew2e@weibo.com,Male,147.102.77.240
Neagle,Ennis,Katte,ekatte2f@walmart.com,Male,77.136.159.56
Bolesma,Kennedy,Lindner,klindner2g@pinterest.com,Male,161.104.232.200
McTurlough,Birgit,Blakeborough,bblakeborough2h@nhs.uk,Female,91.27.220.134
Carvill,Jarib,Kalisch,jkalisch2i@odnoklassniki.ru,Male,215.129.55.232
Kieran,Basile,Eddowis,beddowis2j@ifeng.com,Male,138.92.143.213
Stone,Bryanty,Cafferty,bcafferty2k@ezinearticles.com,Male,181.0.218.216
Durrand,Colly,Lusty,clusty2l@deviantart.com,Polygender,241.175.59.63
Harding,Guido,De Rechter,gderechter2m@patch.com,Male,9.156.60.167
Skull,Windham,Tolson,wtolson2n@wufoo.com,Male,115.174.18.194
Klain,Victoria,Tarbatt,vtarbatt2o@state.tx.us,Female,67.190.117.169
McPhee,Sacha,Tinklin,stinklin2p@freewebs.com,Female,0.209.60.90
Gero,Brig,Bettley,bbettley2q@globo.com,Male,133.245.184.34
Connell,Rolando,Posvner,rposvner2r@oakley.com,Male,180.189.17.181
Fudger,Waldo,Miliffe,wmiliffe2s@altervista.org,Male,13.201.230.20
Mays,Guglielmo,Topaz,gtopaz2t@xinhuanet.com,Male,4.134.94.250
Trunby,Edna,Beeble,ebeeble2u@cnn.com,Female,214.138.136.142
Stallworthy,Fabiano,Hayter,fhayter2v@lycos.com,Male,221.172.167.122
McConnell,Davidson,Finlaison,dfinlaison2w@privacy.gov.au,Male,195.203.197.242
Le Marchant,Paxton,By,pby2x@wp.com,Male,190.227.151.217
Sketcher,Marlo,Snalham,msnalham2y@npr.org,Male,160.26.70.240
Hek,Addy,Langrick,alangrick2z@forbes.com,Female,143.42.208.178
Harp,Becky,Bantock,bbantock30@reference.com,Female,104.68.2.151
Hogsden,Thekla,Troni,ttroni31@time.com,Female,125.41.192.14
Stott,Ervin,Wickersham,ewickersham32@ocn.ne.jp,Male,91.211.119.128
Rosoni,Patric,Gladwell,pgladwell33@example.com,Male,209.108.28.163
Wildt,Stephanus,Moralas,smoralas34@toplist.cz,Male,158.86.10.65
Gostridge,Doyle,Ewbanke,dewbanke35@jugem.jp,Male,1.170.187.86
Hallum,Rozelle,Heaton,rheaton36@weibo.com,Female,100.17.245.2
Pettis,Bari,Gerriet,bgerriet37@g.co,Female,246.239.71.224
Cherrison,Suzi,Myford,smyford38@census.gov,Female,198.249.107.5
Strettle,Levey,O' Connell,loconnell39@123-reg.co.uk,Male,53.180.103.11
Gantzer,Marissa,Beneix,mbeneix3a@sun.com,Female,83.242.104.29
Neild,Anna-diane,Barke,abarke3b@desdev.cn,Female,181.172.233.120
Worham,Mame,Lamborne,mlamborne3c@over-blog.com,Female,160.50.168.118
Elleray,Essie,Kimm,ekimm3d@wired.com,Female,85.47.247.203
Tatlow,Quinlan,Gun,qgun3e@hostgator.com,Male,139.87.103.51
Spadotto,Catherine,O' Sullivan,cosullivan3f@mediafire.com,Female,188.53.249.121
Binder,Diane,Pearde,dpearde3g@fc2.com,Female,220.52.230.10
Avrahm,Dorris,Grimsditch,dgrimsditch3h@netvibes.com,Genderqueer,171.40.242.179
Lawrey,Elvin,Fredson,efredson3i@sbwire.com,Male,54.153.98.174
Parsell,Zena,Whybray,zwhybray3j@upenn.edu,Female,219.175.19.207
Seamon,Sibelle,Cassy,scassy3k@weebly.com,Agender,85.128.116.248
Faucett,Umberto,Salmond,usalmond3l@wufoo.com,Non-binary,229.85.144.203
Spridgeon,Lu,Haestier,lhaestier3m@cdbaby.com,Agender,66.116.119.193
Gittings,Stepha,Dowbakin,sdowbakin3n@nydailynews.com,Female,183.80.224.78
Makeswell,Vale,Costanza,vcostanza3o@tinypic.com,Male,165.175.125.247
Arnaldo,Hesther,Barfitt,hbarfitt3p@psu.edu,Female,8.90.52.179
Grigoryov,Bruce,Sire,bsire3q@joomla.org,Polygender,127.96.49.24
Greguoli,Putnam,Gilks,pgilks3r@bandcamp.com,Male,0.15.22.197
Twinberrow,Darcy,Ley,dley3s@tripadvisor.com,Male,186.97.76.141
Vasler,Cirstoforo,Arunowicz,carunowicz3t@netvibes.com,Male,237.175.100.60
Coard,Kristel,Pembery,kpembery3u@abc.net.au,Female,143.10.199.7
Filyakov,Clary,Mungane,cmungane3v@ibm.com,Female,85.6.47.73
Andresen,Germayne,Corssen,gcorssen3w@wordpress.org,Genderqueer,123.253.249.9
Glavias,Gail,Atkinson,gatkinson3x@mtv.com,Genderqueer,202.61.46.132
Narramore,Melisandra,Pinard,mpinard3y@nih.gov,Female,18.134.41.26
Deener,Kiah,Markus,kmarkus3z@wisc.edu,Female,30.249.116.139
Bedburrow,Ike,Mowett,imowett40@163.com,Genderfluid,138.192.195.173
Kingman,Isidoro,Wardington,iwardington41@nih.gov,Male,185.121.10.205
Danbrook,Dorey,Matiebe,dmatiebe42@hubpages.com,Male,40.88.19.54
Bello,Claudio,MacKonochie,cmackonochie43@usnews.com,Male,78.112.65.229
Jeanesson,Randolf,Foxhall,rfoxhall44@noaa.gov,Male,128.53.33.247
Maletratt,Kerry,Curreen,kcurreen45@economist.com,Female,240.61.164.185
Ridgers,Britt,Ekkel,bekkel46@apache.org,Female,136.153.16.208
Masterson,Cindi,Reihill,creihill47@example.com,Female,163.159.128.147
Crosser,Theodosia,Derdes,tderdes48@usa.gov,Female,33.173.120.251
Presho,Bertina,Yvon,byvon49@ed.gov,Female,15.122.144.208
Cazalet,Buddy,Cockshott,bcockshott4a@apple.com,Male,241.218.223.56
Boutellier,Correna,Budgett,cbudgett4b@kickstarter.com,Female,177.42.42.209
Simoneschi,Noelyn,Skitteral,nskitteral4c@livejournal.com,Female,175.38.190.235
Brolechan,Tedra,Simms,tsimms4d@tamu.edu,Female,119.251.52.17
Mahmood,Donielle,Hoffmann,dhoffmann4e@irs.gov,Female,49.197.70.158
Nussey,Tildi,Roscamp,troscamp4f@pagesperso-orange.fr,Female,110.130.123.68
Zorzoni,Mikaela,Caldow,mcaldow4g@hud.gov,Female,110.97.106.180
Pine,Whitney,De Blasi,wdeblasi4h@epa.gov,Female,136.68.79.52
Bussy,Tanney,Blowin,tblowin4i@elpais.com,Male,167.75.173.42
Isakowicz,Nefen,Chopping,nchopping4j@columbia.edu,Male,228.1.136.253
Gorden,Roderich,Burbridge,rburbridge4k@pinterest.com,Male,32.125.24.248
Wasbrough,Korie,Ingleson,kingleson4l@histats.com,Female,171.43.162.124
Hubbard,Padriac,Bussetti,pbussetti4m@abc.net.au,Male,9.80.179.231
Jeyes,Lena,Targetter,ltargetter4n@wunderground.com,Bigender,109.186.108.87
Dell Casa,Charita,Scamal,cscamal4o@domainmarket.com,Female,145.161.137.172
Brahan,Johny,Dilley,jdilley4p@mac.com,Male,109.254.131.58
Scripps,Osgood,Rikel,orikel4q@merriam-webster.com,Male,223.135.44.187
Hasloch,Clywd,Caldicot,ccaldicot4r@photobucket.com,Male,214.242.108.104
Thornton-Dewhirst,Elijah,McKeaveney,emckeaveney4s@free.fr,Male,146.71.5.216
Marcus,Emilia,Southward,esouthward4t@imdb.com,Female,134.234.246.89
Langan,Alfreda,Stuckes,astuckes4u@alexa.com,Female,27.185.208.211
Ivanisov,Blayne,Kindley,bkindley4v@irs.gov,Male,45.154.153.56
Tolputt,Orly,Caramuscia,ocaramuscia4w@163.com,Female,25.112.18.208
Mackney,Lynelle,Deverson,ldeverson4x@yellowpages.com,Female,245.44.171.42
Tidder,Esmeralda,Fullicks,efullicks4y@sohu.com,Agender,243.179.138.43
Burkert,Sheff,Traylen,straylen4z@abc.net.au,Male,181.201.126.79
Ruppert,Cly,Assiratti,cassiratti50@alexa.com,Male,105.22.86.11
Kleyn,Cullie,Christensen,cchristensen51@loc.gov,Agender,218.107.128.61
Wethered,Georgeta,McGrann,gmcgrann52@wunderground.com,Female,21.147.245.121
Shoard,Bradford,Dalglish,bdalglish53@lycos.com,Male,138.212.51.20
Matanin,Audie,Pharrow,apharrow54@princeton.edu,Female,188.31.14.29
Casale,Petrina,Batchelor,pbatchelor55@reference.com,Female,219.107.211.173
Erb,Marcelle,Searles,msearles56@live.com,Female,156.79.119.73
Emig,Del,Trayton,dtrayton57@issuu.com,Male,66.69.146.117
Pedlar,Land,Smalls,lsmalls58@bbb.org,Male,220.117.48.217
Jeckells,Livvie,Fittall,lfittall59@aol.com,Female,51.199.21.104
Scarlin,Elene,Dunthorn,edunthorn5a@phoca.cz,Polygender,98.246.84.248
Du Fray,Vicky,Hedling,vhedling5b@blogtalkradio.com,Female,176.100.122.202
Fowley,Svend,Mabb,smabb5c@nps.gov,Male,82.139.118.95
Shillaber,Elston,Schiersch,eschiersch5d@marketwatch.com,Male,11.127.138.13
Falcus,Toma,Dyas,tdyas5e@indiegogo.com,Female,2.142.42.166
McKeating,Rowena,Ritmeier,rritmeier5f@about.com,Female,82.65.149.46
Riccard,Davide,Tournie,dtournie5g@omniture.com,Male,9.12.226.198
Marchetti,Kippie,Celier,kcelier5h@miitbeian.gov.cn,Male,28.14.247.24
Abramamovh,Ambrosi,Scyone,ascyone5i@aboutads.info,Male,64.154.172.4
Glover,Catriona,Gilders,cgilders5j@hexun.com,Female,55.105.192.241
Whitehair,Jeramey,Bedin,jbedin5k@amazon.co.jp,Bigender,1.192.24.115
Edlin,Rodolph,Macklin,rmacklin5l@smugmug.com,Male,223.51.187.55
Diperaus,Burty,Woodus,bwoodus5m@wikimedia.org,Male,101.207.25.228
Coombes,Prudence,Audrey,paudrey5n@xrea.com,Female,163.189.103.132
Giorgio,Pepe,Eccles,peccles5o@netvibes.com,Male,122.180.121.60
Gronous,Keene,Humbell,khumbell5p@exblog.jp,Male,163.37.56.57
Deeves,Jewelle,Brecher,jbrecher5q@indiegogo.com,Female,11.202.85.30
Stoakley,Corbie,Perrins,cperrins5r@shutterfly.com,Male,44.37.98.80
Stather,Lucian,Burchfield,lburchfield5s@tmall.com,Male,131.144.148.60
Genthner,Kerianne,Garfitt,kgarfitt5t@nymag.com,Female,146.5.102.107
Polet,Zilvia,Barrowcliff,zbarrowcliff5u@123-reg.co.uk,Female,207.201.224.106
Thorburn,Ferdinande,Cassells,fcassells5v@cloudflare.com,Female,115.84.192.191
Layson,Suzanne,Ixer,sixer5w@shutterfly.com,Female,128.62.135.128
Gaiger,Rayshell,Ferrand,rferrand5x@upenn.edu,Female,141.169.144.160
Foker,Kip,Brewett,kbrewett5y@indiegogo.com,Genderqueer,186.16.163.224
Dachey,Alyson,McFadzean,amcfadzean5z@chronoengine.com,Female,120.202.136.6
Collishaw,Guinevere,Caldera,gcaldera60@go.com,Female,122.30.237.64
Mowbray,Stanley,Eschalotte,seschalotte61@tripadvisor.com,Male,166.14.95.66
Thebe,Rhody,Benard,rbenard62@nydailynews.com,Female,119.24.228.248
Hankey,Cora,Earngy,cearngy63@hp.com,Agender,204.232.150.198
Gouth,Loren,Westcott,lwestcott64@blogtalkradio.com,Female,249.169.51.238
Vaskov,Giraldo,Bromage,gbromage65@fda.gov,Male,161.87.121.207
Titta,Twyla,Beggs,tbeggs66@chronoengine.com,Female,242.99.14.185
Inglesfield,Roosevelt,Lampens,rlampens67@pbs.org,Male,244.154.9.173
Milbourne,Janaye,Doll,jdoll68@reference.com,Female,130.223.32.205
Saunderson,Caressa,Goshawk,cgoshawk69@dion.ne.jp,Female,30.166.248.240
Shemming,Austin,Cheale,acheale6a@dedecms.com,Male,94.56.96.120
O'Boyle,Nester,Blader,nblader6b@booking.com,Male,146.74.175.228
Reicherz,Kirsteni,Duguid,kduguid6c@mozilla.org,Female,93.123.72.208
Bray,Bunni,Chave,bchave6d@loc.gov,Bigender,17.60.67.246
de Courcy,Chariot,Hanham,chanham6e@live.com,Male,229.62.88.60
Scopham,Trace,Weinmann,tweinmann6f@php.net,Male,26.36.88.240
Hackelton,Jacki,Hentzeler,jhentzeler6g@google.it,Female,149.67.223.83
Gager,Adan,Liggens,aliggens6h@gizmodo.com,Male,127.105.226.144
Paolotto,Jeanine,Samsworth,jsamsworth6i@indiegogo.com,Female,69.210.18.49
Rolph,Ingaberg,Tiller,itiller6j@sina.com.cn,Female,147.91.43.147
Goodisson,Giorgio,Bris,gbris6k@google.com,Male,255.75.238.77
Skayman,Halie,Curgenuer,hcurgenuer6l@exblog.jp,Female,73.32.110.97
Mushrow,Selma,Karppi,skarppi6m@nasa.gov,Female,52.68.97.230
Hovell,Teodoor,Moar,tmoar6n@indiatimes.com,Genderfluid,104.72.153.230
Maunton,Noelani,Swetenham,nswetenham6o@delicious.com,Female,237.144.162.115
Allworthy,Fran,Najara,fnajara6p@google.com.au,Female,245.210.135.118
Shute,Tasia,Eagland,teagland6q@reference.com,Female,116.42.2.76
Ortes,Lois,Flowers,lflowers6r@cdc.gov,Female,11.156.197.9
Bierman,Ardath,Pindar,apindar6s@themeforest.net,Female,178.201.53.89
Remmer,Alvina,MacNockater,amacnockater6t@tiny.cc,Female,132.139.30.220
Basnall,Bordie,Eglin,beglin6u@booking.com,Male,187.30.200.221
Isacsson,Torrin,Richley,trichley6v@flickr.com,Male,247.232.176.9
Druett,Sonnie,Welford,swelford6w@virginia.edu,Male,49.51.55.221
Phillis,Kyle,Skitral,kskitral6x@cornell.edu,Male,44.247.173.101
Dunseith,Jean,Longina,jlongina6y@washingtonpost.com,Male,122.142.120.70
Grouen,Parsifal,Coultous,pcoultous6z@dot.gov,Male,223.157.69.209
Leachman,Goddart,McGeaney,gmcgeaney70@time.com,Male,60.254.179.205
Tomczykiewicz,Lester,Pennycook,lpennycook71@engadget.com,Male,63.220.190.228
Peotz,Jeremy,Mulberry,jmulberry72@psu.edu,Male,111.252.222.233
Cryer,Poul,Clavey,pclavey73@dailymotion.com,Male,22.253.28.225
Laytham,Maia,Hatley,mhatley74@ftc.gov,Female,150.194.147.159
Gossington,Tabitha,Klemz,tklemz75@blogspot.com,Female,229.60.238.144
Vallens,Channa,Wilderspoon,cwilderspoon76@mlb.com,Female,181.193.221.30
Ryder,Kessia,Vasyukhichev,kvasyukhichev77@devhub.com,Female,44.239.20.130
Duker,Olympe,Lapham,olapham78@blogs.com,Female,48.88.69.106
Quemby,Leonanie,Jessel,ljessel79@rediff.com,Female,40.55.153.43
Endrizzi,Abba,Benito,abenito7a@huffingtonpost.com,Male,143.11.156.22
Brettor,Marji,Runnett,mrunnett7b@mac.com,Female,53.206.109.131
Sidon,Ogden,Avramchik,oavramchik7c@cloudflare.com,Male,147.231.66.247
Middle,Artemas,O'Glassane,aoglassane7d@imdb.com,Male,240.44.228.237
Bather,Gae,Pyzer,gpyzer7e@netlog.com,Female,222.240.75.37
Cockaday,Jerrilee,Souness,jsouness7f@ca.gov,Female,1.43.154.7
MacCostye,Claudell,Fulbrook,cfulbrook7g@google.com.au,Male,46.221.91.26
Josupeit,Johnath,Schwieso,jschwieso7h@chicagotribune.com,Female,165.186.248.231
Herrieven,Maison,Jurick,mjurick7i@ihg.com,Agender,76.167.154.59
Treby,Jacky,MacMechan,jmacmechan7j@privacy.gov.au,Female,42.167.252.197
McCluskey,Julie,Obert,jobert7k@forbes.com,Male,191.176.195.242
Cianelli,Rob,Abbs,rabbs7l@bigcartel.com,Male,213.182.227.82
Pinsent,Roana,Lill,rlill7m@va.gov,Female,66.179.229.156
Yandle,Tuesday,Hollington,thollington7n@yale.edu,Female,63.255.118.251
Dockwray,Cristian,Ramard,cramard7o@telegraph.co.uk,Male,203.85.64.188
Pindred,Jorge,Fairbrace,jfairbrace7p@1und1.de,Male,118.253.59.145
Anstis,Rana,Gartin,rgartin7q@fema.gov,Female,124.175.26.49
Bladon,Nan,Varley,nvarley7r@slashdot.org,Female,204.228.64.233
Dykas,Tucky,Arghent,targhent7s@hibu.com,Male,227.215.58.211
Arson,Dory,Trench,dtrench7t@xinhuanet.com,Male,101.100.59.111
Pozer,Fitz,Remon,fremon7u@boston.com,Male,24.224.7.198
Kuhwald,Alphonso,Laste,alaste7v@prlog.org,Male,111.64.160.184
Patton,Davita,Trevett,dtrevett7w@bbc.co.uk,Female,53.67.35.151
Arnoldi,Layne,Cromer,lcromer7x@ezinearticles.com,Female,36.237.86.38
Gradly,Cam,Bravey,cbravey7y@indiatimes.com,Male,60.103.20.35
O'Brogane,Beret,Badland,bbadland7z@ocn.ne.jp,Female,0.134.47.211
Pitceathly,Mordecai,Kelshaw,mkelshaw80@hc360.com,Male,212.135.234.133
Bumby,Hatty,Franceschielli,hfranceschielli81@newsvine.com,Female,114.135.15.138
Simonel,Porty,Rothert,prothert82@cbslocal.com,Male,183.187.99.169
Grishukov,Annabel,Christauffour,achristauffour83@godaddy.com,Female,10.63.44.120
Messier,Roanna,Insworth,rinsworth84@php.net,Female,32.109.130.97
Hackleton,Fleurette,Fibbit,ffibbit85@reference.com,Female,140.161.165.169
Dollen,Linnie,Dakhno,ldakhno86@ning.com,Female,178.134.244.181
Grandison,Justina,Asplin,jasplin87@sphinn.com,Female,205.204.237.65
Thorley,Anissa,Siemianowicz,asiemianowicz88@hp.com,Female,248.134.186.242
Drummer,Shepperd,Spittall,sspittall89@java.com,Male,54.136.22.88
Catlin,Cassandry,Pobjoy,cpobjoy8a@ezinearticles.com,Female,240.237.248.206
Foker,Oliver,Ettels,oettels8b@rediff.com,Male,68.201.6.176
Tydeman,Honor,Spain-Gower,hspaingower8c@sourceforge.net,Female,68.104.41.133
Tolomelli,Paloma,Olpin,polpin8d@people.com.cn,Female,25.244.41.79
Dowber,Madlin,Myrtle,mmyrtle8e@usatoday.com,Female,141.36.52.182
Meeron,Silvain,Aspray,saspray8f@163.com,Male,235.127.61.131
Carsey,Garth,Summerlad,gsummerlad8g@weather.com,Male,217.67.118.79
Rickard,Gareth,Tuckett,gtuckett8h@ibm.com,Male,12.92.16.23
Cresser,Ellswerth,Killshaw,ekillshaw8i@telegraph.co.uk,Male,112.63.29.242
Lucchi,Brnaba,Lovell,blovell8j@pen.io,Male,211.45.189.185
Snelle,Brittney,Pistol,bpistol8k@fotki.com,Bigender,221.101.90.190
Cato,Lanny,Hand,lhand8l@booking.com,Genderfluid,33.241.32.53
Kimberly,Lorri,Doody,ldoody8m@youtu.be,Bigender,200.129.224.28
Lorne,Klarrisa,Hamber,khamber8n@privacy.gov.au,Genderfluid,159.13.62.181
Chandler,Kelbee,Cleynaert,kcleynaert8o@ycombinator.com,Male,196.195.217.66
Natwick,Sandor,Fawloe,sfawloe8p@cnn.com,Male,57.34.107.75
Ickovitz,Louisa,Dimitrescu,ldimitrescu8q@so-net.ne.jp,Female,65.140.11.128
Gration,Jaye,Sawer,jsawer8r@imageshack.us,Male,101.151.141.181
Pendred,Woodrow,Ruddom,wruddom8s@un.org,Male,37.71.143.113
Bullocke,Daniela,Worshall,dworshall8t@is.gd,Female,54.110.75.203
Beddon,Avivah,Hartop,ahartop8u@ibm.com,Female,109.238.41.15
Ifill,Lorin,Rosenfelt,lrosenfelt8v@ameblo.jp,Male,201.120.162.222
Emsley,Paxon,Skivington,pskivington8w@prnewswire.com,Male,142.161.94.159
Shortall,Dalt,Slight,dslight8x@ibm.com,Male,161.103.235.209
Langhorn,Roselin,Rapsey,rrapsey8y@ning.com,Female,118.13.199.21
Pimbley,Tamarra,Longbottom,tlongbottom8z@japanpost.jp,Female,52.33.114.19
Laroze,Barnabas,Beadel,bbeadel90@ftc.gov,Bigender,151.165.198.245
Keward,Manny,Barkworth,mbarkworth91@devhub.com,Male,168.137.220.21
Laxe,Julieta,Bacher,jbacher92@nhs.uk,Female,142.194.195.51
Lindeman,Lindsy,Fennessy,lfennessy93@home.pl,Female,5.210.215.227
Friar,Marchelle,Feary,mfeary94@ow.ly,Female,163.79.123.28
Bernaciak,Lindsey,Gobat,lgobat95@opensource.org,Female,130.121.92.43
Craythorne,Morris,Bleything,mbleything96@unicef.org,Male,45.81.78.224
Storrie,Bambie,Attle,battle97@sakura.ne.jp,Female,57.221.67.117
Bedwell,Caitrin,Eccleston,ceccleston98@nydailynews.com,Female,144.50.45.89
Musselwhite,Lethia,Metheringham,lmetheringham99@usda.gov,Female,128.98.34.137
Cluatt,Misha,Palser,mpalser9a@bigcartel.com,Female,117.225.27.252
Saph,Trip,Skidmore,tskidmore9b@columbia.edu,Male,63.33.200.137
Venney,Eddy,Amiss,eamiss9c@ucoz.ru,Male,19.120.238.49
Taffie,Consuelo,Gosenell,cgosenell9d@cdbaby.com,Female,120.250.169.238
Keddle,Baird,Waldram,bwaldram9e@chronoengine.com,Male,3.91.254.99
Pagden,Johnath,Coleiro,jcoleiro9f@economist.com,Genderfluid,236.253.178.39
Dyball,Cyb,Pladen,cpladen9g@elpais.com,Female,14.228.9.22
Rivaland,Wyatt,Chewter,wchewter9h@geocities.com,Male,10.198.184.186
Matovic,Hans,Mabb,hmabb9i@hc360.com,Male,54.19.10.212
Prys,Lotte,Spinley,lspinley9j@slideshare.net,Female,48.210.150.36
Cahn,Lennie,Skilbeck,lskilbeck9k@java.com,Male,82.115.76.55
Pearman,Agnese,Twycross,atwycross9l@indiatimes.com,Female,89.50.203.9
Gowland,Ulrica,Brimicombe,ubrimicombe9m@shareasale.com,Female,46.206.5.14
Otton,Elwin,Stetson,estetson9n@toplist.cz,Male,176.170.113.33
Laverty,Elbert,Wiggam,ewiggam9o@spotify.com,Male,76.193.134.92
Collet,Prudi,Iwanicki,piwanicki9p@umich.edu,Female,107.165.143.161
Batha,Beltran,Speedin,bspeedin9q@tripadvisor.com,Male,55.23.192.108
Wathey,Elwira,Mohammad,emohammad9r@google.ca,Female,40.70.246.196
Hawksby,Harp,Hammerstone,hhammerstone9s@drupal.org,Male,31.117.184.211
Yarrell,Marylynne,Ungerer,mungerer9t@mashable.com,Female,124.122.4.212
Bozworth,Genevieve,Belchamber,gbelchamber9u@sourceforge.net,Female,30.240.19.110
Pettit,Burtie,McKevin,bmckevin9v@wikia.com,Male,143.114.1.191
Esparza,Antonie,Cheke,acheke9w@tinyurl.com,Female,1.9.6.158
Doncaster,Bridie,Docket,bdocket9x@slashdot.org,Female,12.166.135.105
O'Sherin,Calida,Franey,cfraney9y@bloglines.com,Female,59.163.108.53
Scrancher,Sammie,Bulmer,sbulmer9z@scientificamerican.com,Male,40.18.131.76
McGregor,Roderick,Humpatch,rhumpatcha0@imgur.com,Male,136.134.155.110
Gavaran,Barri,Barkworth,bbarkwortha1@webnode.com,Male,233.129.35.140
Sarchwell,Conni,Vautre,cvautrea2@reference.com,Bigender,210.245.73.52
Dechelette,Abelard,Ratledge,aratledgea3@nytimes.com,Male,244.230.121.144
Wrotham,Barth,Iley,bileya4@ucla.edu,Male,75.247.179.117
Talby,Reynolds,Liversidge,rliversidgea5@sina.com.cn,Male,168.8.23.47
Jamison,Ginni,Marquot,gmarquota6@4shared.com,Polygender,162.248.65.220
Marchelli,Nannie,Lemonnier,nlemonniera7@desdev.cn,Female,213.53.236.126
Dowse,Tripp,Fuzzens,tfuzzensa8@reuters.com,Male,153.138.16.104
Shawl,Cullie,Howland,chowlanda9@smh.com.au,Male,165.25.123.175
Jedrzej,Vilma,Ionesco,vionescoaa@ed.gov,Female,51.57.132.77
Woodsford,Delainey,Sloper,dsloperab@mysql.com,Male,161.126.24.59
Malatalant,Yardley,Vondrak,yvondrakac@163.com,Male,121.66.131.28
Nowlan,Rooney,Letixier,rletixierad@virginia.edu,Male,108.11.10.238
Mowling,Jean,Craft,jcraftae@ask.com,Male,228.147.173.183
Boutton,Aurelie,Scottrell,ascottrellaf@comsenz.com,Genderfluid,245.52.244.199
Goulborn,Warden,Earles,wearlesag@wsj.com,Male,230.74.107.88
Millin,Kalinda,Iacapucci,kiacapucciah@gizmodo.com,Polygender,251.96.190.144
Simcox,Charleen,Dymott,cdymottai@nba.com,Genderqueer,149.17.20.3
Androlli,Robers,Hinrichsen,rhinrichsenaj@ucla.edu,Male,60.65.226.87
Janicki,Danella,Lamminam,dlamminamak@ftc.gov,Female,65.199.236.214
Sheer,Clerc,Aguirre,caguirreal@state.tx.us,Male,97.12.29.0
Tolefree,Kerry,Pocke,kpockeam@amazon.co.uk,Male,191.49.116.72
Queyeiro,Reynard,O'Duggan,rodugganan@themeforest.net,Genderqueer,223.44.201.33
McLelland,Bruno,Muzzi,bmuzziao@comcast.net,Male,119.11.26.76
Carney,Victoria,Millichip,vmillichipap@google.nl,Female,102.41.62.75
Pereira,Kizzee,Millan,kmillanaq@etsy.com,Female,224.85.29.109
Peterken,Alic,Brattell,abrattellar@altervista.org,Non-binary,146.33.169.250
Applegate,Harrie,Myrkus,hmyrkusas@devhub.com,Female,127.113.65.169
Hampshaw,Rori,Gagie,rgagieat@engadget.com,Female,235.152.229.15
Gaitskell,Husein,Holwell,hholwellau@unesco.org,Male,123.249.59.58
Kleinmintz,Kip,Brims,kbrimsav@list-manage.com,Genderfluid,105.242.93.103
Friese,Con,Gamett,cgamettaw@intel.com,Female,253.196.63.201
Jillett,Lyndsay,Lindelof,llindelofax@weather.com,Female,75.0.5.207
Stirling,Jeniffer,Smooth,jsmoothay@earthlink.net,Female,152.92.2.207
Vell,Darrelle,Udey,dudeyaz@ycombinator.com,Female,71.71.152.117
Lambart,Tadeas,Fleay,tfleayb0@tinypic.com,Male,246.236.216.210
Hundell,Rhodia,Mangenot,rmangenotb1@buzzfeed.com,Female,67.189.20.130
Bumphrey,Gertrud,Lombardo,glombardob2@wikipedia.org,Female,235.66.235.150
Babbage,Gradey,Garton,ggartonb3@pen.io,Male,75.7.41.9
Knighton,Petronia,Barcke,pbarckeb4@ezinearticles.com,Female,175.31.110.186
Canada,Jennee,M'Quhan,jmquhanb5@marketwatch.com,Female,117.225.46.130
Kasper,Sheree,Bagnold,sbagnoldb6@yahoo.co.jp,Female,59.245.207.23
Rawstorn,Christophorus,Lichtfoth,clichtfothb7@tmall.com,Genderfluid,37.145.84.105
Bromehead,Izabel,Litzmann,ilitzmannb8@harvard.edu,Female,89.56.164.81
Banishevitz,Piper,Hargate,phargateb9@simplemachines.org,Female,89.119.239.145
Beevers,Veronica,Matzaitis,vmatzaitisba@over-blog.com,Female,128.55.37.92
Cleverly,Bette,Tregenza,btregenzabb@i2i.jp,Female,204.101.156.50
Ornils,Rodolphe,Ranner,rrannerbc@ifeng.com,Male,165.110.181.236
Polglaze,Susann,McMickan,smcmickanbd@webs.com,Female,15.167.10.238
Baldetti,Mair,Daldan,mdaldanbe@arstechnica.com,Female,131.233.227.166
Frank,Andra,Dolphin,adolphinbf@jimdo.com,Female,170.18.226.129
Elsmore,Dane,Poizer,dpoizerbg@psu.edu,Male,43.244.145.68
Strethill,Palmer,Ralling,prallingbh@imdb.com,Male,201.46.55.49
Grzelczyk,Octavia,Lardez,olardezbi@i2i.jp,Female,30.186.18.12
Paviour,Lion,Elcome,lelcomebj@merriam-webster.com,Male,194.45.62.155
Atterley,Abdel,Devigne,adevignebk@indiatimes.com,Male,19.22.206.202
Dhenin,Doreen,Birtwisle,dbirtwislebl@ifeng.com,Female,219.219.60.208
Barrowclough,Biddy,Spinnace,bspinnacebm@is.gd,Female,18.96.135.202
Dallaghan,Jackquelin,Lashford,jlashfordbn@yolasite.com,Female,53.219.172.162
Eadie,Cordelia,Ide,cidebo@wisc.edu,Non-binary,131.80.87.148
Ripon,Loydie,Tomblings,ltomblingsbp@nbcnews.com,Male,101.239.228.146
Hawkins,Tome,Plumptre,tplumptrebq@123-reg.co.uk,Male,149.20.64.67
Lympany,Nessi,Kenrick,nkenrickbr@amazonaws.com,Female,29.242.45.248
Redparth,Star,Richardt,srichardtbs@tiny.cc,Female,220.220.145.78
Dash,Harley,Fontelles,hfontellesbt@nydailynews.com,Female,85.92.146.8
Mailes,Gussi,Reuben,greubenbu@vkontakte.ru,Female,73.179.68.8
Treske,Stefania,Dyott,sdyottbv@dyndns.org,Female,196.96.186.2
Dicky,Pier,Klaesson,pklaessonbw@tumblr.com,Female,127.180.16.12
Rizzo,Karna,Loveless,klovelessbx@dell.com,Female,158.232.206.66
Benham,Colet,Bugbird,cbugbirdby@go.com,Male,16.91.3.102
Di Batista,Stepha,Brinkley,sbrinkleybz@reddit.com,Female,254.157.194.76
Gossington,Adelbert,Thridgould,athridgouldc0@cpanel.net,Male,155.189.8.70
Cristoforo,Herrick,Kitchener,hkitchenerc1@ca.gov,Male,57.41.20.61
Gabbitus,Wheeler,Tucknutt,wtucknuttc2@cafepress.com,Male,44.16.94.98
Cookley,Fredericka,Sawkins,fsawkinsc3@merriam-webster.com,Female,37.118.9.74
Rigglesford,Merill,Pendred,mpendredc4@w3.org,Male,88.117.34.221
Miguet,Lib,Bissatt,lbissattc5@netscape.com,Female,53.23.253.151
Sea,Cristian,Rauprich,crauprichc6@cnn.com,Male,8.85.208.201
Gabites,Claire,Pietersma,cpietersmac7@networkadvertising.org,Female,151.221.182.150
Just,Tiertza,Boone,tboonec8@usnews.com,Female,199.130.188.151
Ayres,Cathee,Buick,cbuickc9@nba.com,Female,15.145.39.82
Howsego,Nolan,Gribbell,ngribbellca@paypal.com,Male,45.151.40.249
Bushel,Geoffry,Polglaze,gpolglazecb@github.com,Male,120.102.135.241
Imlin,Everard,Beckerleg,ebeckerlegcc@howstuffworks.com,Male,110.161.51.132
McNysche,Rolland,Demelt,rdemeltcd@csmonitor.com,Male,13.67.3.17
Hagger,Web,Jan,wjance@washingtonpost.com,Male,214.150.6.93
Percy,Allyn,Crean,acreancf@sphinn.com,Female,7.9.146.91
Corcut,Nestor,Pote,npotecg@1und1.de,Male,157.77.64.127
Tue,Danny,Mac Giany,dmacgianych@usatoday.com,Female,69.78.123.31
Dobbyn,Gladi,Stuehmeyer,gstuehmeyerci@storify.com,Female,150.12.174.14
Teape,Benedetta,Lecointe,blecointecj@blogspot.com,Female,220.214.201.234
Sartain,Gianni,McIndoe,gmcindoeck@360.cn,Male,177.111.42.204
Mussalli,Bethina,Lackney,blackneycl@bizjournals.com,Female,171.121.96.25
Woltman,Theresina,Slayford,tslayfordcm@amazon.co.uk,Female,58.194.250.145
Sisson,Gail,Olivazzi,golivazzicn@cargocollective.com,Male,31.198.96.64
Maskrey,Jillana,Miguet,jmiguetco@washington.edu,Female,237.120.67.242
Battell,Jordana,Penzer,jpenzercp@reference.com,Female,71.61.209.181
Dangerfield,Marinna,Hindrich,mhindrichcq@bloglines.com,Female,122.252.210.235
Dominec,Nickie,Teanby,nteanbycr@businesswire.com,Male,166.236.208.46
Wetherill,Hillary,Gong,hgongcs@shutterfly.com,Male,159.245.102.14
Mc-Kerley,Lilyan,Sturch,lsturchct@bbc.co.uk,Female,45.130.122.238
Saffin,Romona,Bertomieu,rbertomieucu@twitpic.com,Female,65.173.83.154
Fullalove,Armstrong,Ghidelli,aghidellicv@wikia.com,Male,141.230.132.216
Shilling,Merl,Kondrat,mkondratcw@naver.com,Female,159.219.95.82
Greaves,Ainslee,Scorton,ascortoncx@yellowbook.com,Female,158.15.68.44
Sheepy,Constancia,Gomes,cgomescy@google.de,Female,152.192.44.18
O'Shevlan,Emeline,Castellucci,ecastelluccicz@wikimedia.org,Female,95.179.37.201
Pelman,Grethel,Ingleson,ginglesond0@boston.com,Female,127.48.189.176
Hollindale,Jerrold,Sirr,jsirrd1@spotify.com,Male,170.27.200.84
Secretan,Tanner,Coombs,tcoombsd2@netscape.com,Male,185.143.203.51
Curness,Markus,Butland,mbutlandd3@123-reg.co.uk,Male,146.30.231.229
Mackett,Arturo,Hatje,ahatjed4@artisteer.com,Male,144.218.105.45
Besemer,Phil,Corbyn,pcorbynd5@dropbox.com,Female,74.39.158.99
Skedgell,Adel,Burwin,aburwind6@sourceforge.net,Genderqueer,221.252.160.184
Dani,Brittany,Howe,bhowed7@alibaba.com,Female,241.171.177.148
Colquite,Nico,Daltrey,ndaltreyd8@disqus.com,Male,231.199.78.60
Pales,Ricky,O'Brallaghan,robrallaghand9@foxnews.com,Male,187.249.133.139
Pashen,Zane,Postan,zpostanda@cnet.com,Male,245.116.161.227
Elven,Robinett,Dmisek,rdmisekdb@biglobe.ne.jp,Non-binary,212.202.42.219
Pach,Verge,Monget,vmongetdc@theatlantic.com,Male,117.213.195.50
Cozins,Far,Bryns,fbrynsdd@wiley.com,Male,6.251.225.178
MacDonough,Cinderella,Prestie,cprestiede@creativecommons.org,Female,105.107.193.234
Belloch,Cully,Lartice,clarticedf@java.com,Male,104.11.33.252
Kindon,Georgie,Rouzet,grouzetdg@infoseek.co.jp,Male,47.185.110.153
Hacaud,Florencia,Ottley,fottleydh@dell.com,Female,41.151.99.242
Wimpeney,Alexandre,Horsefield,ahorsefielddi@rediff.com,Male,42.41.66.177
Dolden,Demetris,Courvert,dcourvertdj@narod.ru,Male,222.127.31.96
Digweed,Cordelia,Gronowe,cgronowedk@friendfeed.com,Female,132.22.61.17
Rollings,Leonardo,Wycherley,lwycherleydl@hc360.com,Male,0.81.168.255
Bagworth,Corrianne,Allaker,callakerdm@goodreads.com,Genderqueer,205.74.13.224
Umpleby,Reinaldos,O' Hern,roherndn@google.cn,Agender,208.21.48.158
Speake,Krispin,Grumley,kgrumleydo@nih.gov,Male,7.10.39.224
Dorant,Delila,Edgler,dedglerdp@icio.us,Female,194.244.216.62
Heggison,Jerrilyn,Sancto,jsanctodq@fema.gov,Female,195.80.28.36
Doncom,Freedman,Nigh,fnighdr@deliciousdays.com,Male,255.63.72.75
Lambourn,Temple,Nyssen,tnyssends@jugem.jp,Non-binary,206.45.102.204
Lundy,Arlina,Cawthron,acawthrondt@cam.ac.uk,Female,15.56.122.33
Coop,Reinald,Creer,rcreerdu@pen.io,Male,23.37.69.205
Calven,Tanya,Hugnot,thugnotdv@google.fr,Female,101.0.245.74
MacLucais,Wylma,Brown,wbrowndw@oracle.com,Female,122.111.111.120
Ackermann,Mel,Shorbrook,mshorbrookdx@behance.net,Male,115.116.180.174
Penright,Crystie,Ilbert,cilbertdy@wikipedia.org,Female,54.4.202.183
Kwietak,Marney,Burker,mburkerdz@pcworld.com,Female,241.235.2.84
Blues,Alia,Andresser,aandressere0@gov.uk,Polygender,192.107.166.9
Ricardot,Chelsey,Betke,cbetkee1@dropbox.com,Female,19.155.181.190
Laydon,Burt,Fardoe,bfardoee2@wufoo.com,Male,20.160.176.95
Shepeard,Bryn,Cyson,bcysone3@skype.com,Female,10.114.29.127
McRinn,Trstram,Rainville,trainvillee4@elpais.com,Male,126.79.137.5
Gouth,Kelby,Carling,kcarlinge5@foxnews.com,Male,139.97.225.119
Ead,Judi,Gilson,jgilsone6@prnewswire.com,Female,98.206.146.204
Polin,Rozele,Spiteri,rspiterie7@techcrunch.com,Female,162.112.138.52
Beardmore,Papageno,Mafham,pmafhame8@senate.gov,Male,246.37.114.23
Gurley,Artemis,Kleuer,akleuere9@csmonitor.com,Male,8.50.233.174
Goldstone,Guenna,Hartil,ghartilea@zdnet.com,Female,133.17.175.128
Cassells,Fenelia,Gillinghams,fgillinghamseb@economist.com,Female,118.234.90.38
Mixer,Curr,Patry,cpatryec@g.co,Male,235.152.141.152
Spivie,Tracy,Crombleholme,tcrombleholmeed@utexas.edu,Male,124.98.44.110
Rembrandt,Arlinda,Pellett,apellettee@list-manage.com,Female,93.57.243.202
Parcell,Vonni,Burnett,vburnettef@shareasale.com,Female,241.95.83.98
Crommett,Darci,Pitway,dpitwayeg@infoseek.co.jp,Genderqueer,4.149.55.9
Gaine of England,Ashla,Campey,acampeyeh@stanford.edu,Female,104.222.253.220
Bensusan,Phillis,Sawkins,psawkinsei@surveymonkey.com,Female,171.99.99.32
Hamley,Edlin,Taree,etareeej@webmd.com,Male,21.49.29.29
Gallear,Florri,Linnit,flinnitek@ow.ly,Female,3.171.246.116
Colleford,Cynthy,Rhodes,crhodesel@spotify.com,Female,133.75.165.68
Pirot,Gabbie,Lewtey,glewteyem@devhub.com,Male,214.15.17.2
Twiddle,Ephrayim,Crutchley,ecrutchleyen@ucla.edu,Male,158.156.209.83
Shemwell,Dorrie,Connar,dconnareo@usatoday.com,Female,194.133.148.211
Bretton,Edmund,Oxteby,eoxtebyep@wired.com,Male,141.254.177.31
Butterfill,Neill,Fearnill,nfearnilleq@arizona.edu,Male,144.229.194.154
Di Franceshci,Eugene,Killough,ekillougher@gnu.org,Male,125.109.125.158
Bewly,Ronna,Bartle,rbartlees@cnbc.com,Female,140.178.214.157
Shwenn,Wheeler,Alenichev,walenichevet@homestead.com,Male,71.94.17.192
Torrisi,Stevana,Fairtlough,sfairtlougheu@hugedomains.com,Female,141.26.41.105
Cathie,Nicoli,Gearty,ngeartyev@nih.gov,Female,243.149.235.108
Brimham,Zacharie,Lumox,zlumoxew@rediff.com,Male,175.216.87.58
Horrell,Rhody,Kamenar,rkamenarex@gizmodo.com,Female,239.86.61.80
Brazer,Kim,Zeplin,kzepliney@latimes.com,Male,195.45.30.137
Stennet,Linnea,Desforges,ldesforgesez@newyorker.com,Female,195.240.37.80
Gales,Alena,Ferron,aferronf0@hexun.com,Bigender,0.20.65.242
Hellyer,Dedra,Mead,dmeadf1@gizmodo.com,Female,99.15.185.152
Vawton,Ema,Lingwood,elingwoodf2@nymag.com,Female,239.12.118.76
Tuckwood,Gerrard,Silkstone,gsilkstonef3@hibu.com,Male,219.151.137.134
Francioli,Renault,Cinderey,rcindereyf4@hubpages.com,Male,185.64.22.118
Flewitt,Nancie,Tillyer,ntillyerf5@wufoo.com,Non-binary,163.213.75.161
Cosh,Tonnie,Chittey,tchitteyf6@adobe.com,Male,77.34.173.74
Eakens,Ninon,Bielfelt,nbielfeltf7@businessweek.com,Polygender,170.233.87.182
Manus,Florella,Stollenwerck,fstollenwerckf8@mlb.com,Female,51.73.239.30
Steffens,Lavina,Panks,lpanksf9@tripadvisor.com,Female,241.76.239.109
Mannooch,Jorge,Flanigan,jflaniganfa@wordpress.org,Male,117.159.198.228
Morrant,Angelique,Guillerman,aguillermanfb@jiathis.com,Female,253.245.96.92
Judson,Tomkin,Gobbet,tgobbetfc@washingtonpost.com,Male,135.17.184.84
Willstrop,Darline,Speechley,dspeechleyfd@java.com,Female,18.226.104.142
Normanton,Loria,Keach,lkeachfe@yellowpages.com,Female,170.244.6.241
Bowdidge,Dorian,Pauling,dpaulingff@cbsnews.com,Female,98.102.30.247
Galler,Lorry,Odgers,lodgersfg@homestead.com,Male,27.76.230.247
Cranstone,Benyamin,Sproul,bsproulfh@yolasite.com,Male,144.187.225.76
Ashwell,Fabe,Ephgrave,fephgravefi@fda.gov,Male,17.139.172.84
Collicott,Nessa,Fattore,nfattorefj@mozilla.org,Female,183.248.66.115
Truman,Wald,Dungey,wdungeyfk@multiply.com,Male,90.137.64.57
Drever,Mallory,Cleobury,mcleoburyfl@cdbaby.com,Male,114.54.156.29
Caccavari,Drusy,Draye,ddrayefm@sciencedaily.com,Polygender,159.28.235.75
Attreed,Nero,Seifert,nseifertfn@skyrock.com,Male,196.57.9.137
Josofovitz,Hy,Bloschke,hbloschkefo@dot.gov,Male,4.222.21.186
Damrel,Jodi,Letty,jlettyfp@wikia.com,Male,122.233.40.65
Eburne,Clara,Woolmore,cwoolmorefq@gizmodo.com,Female,2.60.47.122
Chatelot,Aloin,Maruska,amaruskafr@gmpg.org,Male,205.141.11.221
Edington,Eve,Keefe,ekeefefs@sourceforge.net,Female,75.251.111.228
Brownsmith,Jody,Jedrychowski,jjedrychowskift@apple.com,Male,84.234.230.130
McLarnon,Emmett,Baum,ebaumfu@163.com,Male,124.153.184.115
Jaggs,Agnes,Leates,aleatesfv@soup.io,Female,219.154.153.30
Stuke,Anthea,Clyant,aclyantfw@jiathis.com,Female,173.12.201.106
Kippen,Lishe,Palfreyman,lpalfreymanfx@ihg.com,Female,121.40.236.103
McHenry,Cordie,McKerron,cmckerronfy@123-reg.co.uk,Male,31.64.78.79
Purvis,Ema,Gebbe,egebbefz@utexas.edu,Agender,222.13.117.1
Ateridge,Erminie,Elton,eeltong0@google.cn,Female,159.15.190.185
Steynor,Gordie,Rattenbury,grattenburyg1@miitbeian.gov.cn,Male,231.63.122.98
Coll,Bertina,Hundey,bhundeyg2@clickbank.net,Female,123.146.47.83
Gerold,Asa,Newlyn,anewlyng3@wufoo.com,Male,181.173.193.84
Gentric,Tobit,Hanford,thanfordg4@liveinternet.ru,Genderfluid,68.42.249.137
Real,Alberto,Deverose,adeveroseg5@nsw.gov.au,Male,159.203.7.29
Eastabrook,Cullan,Klimsch,cklimschg6@sakura.ne.jp,Male,49.44.161.246
Skepper,Elsworth,Budgen,ebudgeng7@bloglovin.com,Male,214.46.62.23
Poncet,Pamela,Yurov,pyurovg8@columbia.edu,Female,136.15.117.143
Rottgers,Virginie,Cassedy,vcassedyg9@yolasite.com,Female,142.186.185.139
Fountain,Sandor,Joannidi,sjoannidiga@discovery.com,Male,120.0.219.67
Barthot,Berti,Girardez,bgirardezgb@360.cn,Male,157.173.116.90
Pietraszek,Cass,Cleere,ccleeregc@sbwire.com,Male,112.91.2.118
Silley,Gabriel,Matthaus,gmatthausgd@icq.com,Female,52.121.37.147
Andersen,Stanford,Wohler,swohlerge@xrea.com,Male,77.216.19.170
Grassot,Anatola,Andri,aandrigf@alibaba.com,Female,160.92.159.107
Bankes,Berny,Medeway,bmedewaygg@storify.com,Female,240.248.65.60
Pitsall,Hans,Bridewell,hbridewellgh@gizmodo.com,Male,246.135.123.26
Carff,Rafferty,Doel,rdoelgi@ted.com,Male,249.170.131.181
Van der Merwe,Melvin,Sizeland,msizelandgj@moonfruit.com,Male,220.76.161.141
Housecroft,Joscelin,Waltho,jwalthogk@vimeo.com,Female,20.248.41.129
Mayoral,Bridie,Geare,bgearegl@irs.gov,Female,108.156.106.199
Gray,Gilles,Fortnam,gfortnamgm@china.com.cn,Male,154.235.66.154
Verecker,Simon,McShane,smcshanegn@reuters.com,Male,127.6.82.203
Legge,Celestyna,Waddilove,cwaddilovego@nba.com,Female,152.116.87.135
Marchington,Becka,McClancy,bmcclancygp@shareasale.com,Female,13.231.194.137
McReidy,Lee,Applebee,lapplebeegq@tripod.com,Agender,11.204.212.101
Whal,Howard,Pennino,hpenninogr@walmart.com,Male,233.138.26.40
Richardes,Eveleen,Sammons,esammonsgs@fotki.com,Agender,248.211.246.147
Kneal,Gherardo,Cattini,gcattinigt@cnbc.com,Male,255.186.67.31
Goulston,Bamby,Ludovico,bludovicogu@google.it,Female,111.8.64.196
Ansty,Tedmund,Grady,tgradygv@wordpress.org,Male,155.9.211.153
Gabler,Leanor,Riccio,lricciogw@simplemachines.org,Female,142.50.126.177
Redpath,Angelle,Leser,alesergx@sitemeter.com,Female,27.19.236.89
Teulier,Bronson,Rickett,brickettgy@opera.com,Male,162.237.249.148
Brookwood,Fair,Auld,fauldgz@cnet.com,Male,227.66.5.60
Chesshyre,Dwight,Wasielewicz,dwasielewiczh0@plala.or.jp,Male,238.66.13.161
Alcoran,Gordan,Teresi,gteresih1@miibeian.gov.cn,Male,95.247.71.225
Danilchik,Hakeem,Tivers,htiversh2@reddit.com,Male,70.195.33.70
Gallard,Falito,Glennie,fglennieh3@nasa.gov,Male,46.220.27.182
Gages,Warner,Bridell,wbridellh4@google.ca,Male,132.231.53.91
Sturdgess,Konrad,Abramowsky,kabramowskyh5@moonfruit.com,Male,188.244.175.132
Gorry,Ricki,Marquot,rmarquoth6@businessinsider.com,Male,23.198.36.136
Lurriman,Katee,Emblow,kemblowh7@4shared.com,Female,133.46.72.126
MacKnight,Amity,Flint,aflinth8@wordpress.com,Female,164.198.18.0
Goodswen,Sibby,Knowler,sknowlerh9@delicious.com,Female,200.64.158.33
Snasdell,Yetty,Fawlkes,yfawlkesha@youtu.be,Female,116.120.87.103
Coad,Hollie,Klossek,hklossekhb@google.co.jp,Female,95.57.247.158
Tchir,Karel,Hartnell,khartnellhc@bloglines.com,Female,241.153.121.14
Wapple,Hermon,Gerring,hgerringhd@stanford.edu,Polygender,174.121.84.193
Hindrich,Montague,Toseland,mtoselandhe@indiatimes.com,Male,91.205.239.250
Eskrigge,Locke,Larmor,llarmorhf@tinypic.com,Male,205.109.220.249
Godar,Morgun,Garfirth,mgarfirthhg@washingtonpost.com,Male,161.125.195.105
Hatt,Winnie,Pennings,wpenningshh@aboutads.info,Male,167.227.89.229
Martensen,Tamarra,Schulter,tschulterhi@redcross.org,Female,76.207.147.75
Methley,Elysha,Pink,epinkhj@ox.ac.uk,Female,109.137.214.171
Davidofski,Rhiamon,Girardy,rgirardyhk@deliciousdays.com,Female,50.115.154.72
Curtayne,Zacharia,Bramley,zbramleyhl@fda.gov,Male,25.76.128.142
Crasford,Ofella,Maccaddie,omaccaddiehm@prlog.org,Female,123.109.111.211
Fabbri,Shir,Piddletown,spiddletownhn@comsenz.com,Polygender,170.122.35.167
Mabee,Gill,Saint,gsaintho@slate.com,Male,15.41.167.202
Connors,Hy,Townend,htownendhp@ning.com,Male,192.206.233.162
Davidi,Mary,Brimilcome,mbrimilcomehq@rakuten.co.jp,Female,138.42.168.67
Redrup,Rudie,Tellwright,rtellwrighthr@mediafire.com,Genderqueer,210.254.165.178
Moubray,Dre,Aicken,daickenhs@google.com.au,Agender,171.99.18.69
Thunnercliffe,Ronnie,Kirwin,rkirwinht@blogtalkradio.com,Female,168.159.206.234
Humbey,Budd,Farraway,bfarrawayhu@vimeo.com,Male,194.17.45.212
Pallent,Gerladina,Breslauer,gbreslauerhv@nytimes.com,Female,128.56.4.226
Gilloran,Pamela,Chatelet,pchatelethw@google.com.hk,Female,161.183.38.127
Bearfoot,Wanids,Ebunoluwa,webunoluwahx@miibeian.gov.cn,Female,121.132.66.143
Smickle,Clarine,Goodley,cgoodleyhy@wufoo.com,Non-binary,241.110.80.144
Yakutin,Alwyn,Demange,ademangehz@geocities.jp,Male,221.173.70.60
Steaning,Vasily,Strood,vstroodi0@google.cn,Male,224.162.28.127
Drennan,Hollyanne,Burge,hburgei1@netvibes.com,Female,239.10.190.109
Henighan,Mabel,Farlham,mfarlhami2@dyndns.org,Female,132.64.53.6
Lambdon,Amalea,Faivre,afaivrei3@xinhuanet.com,Female,201.92.212.162
Covely,Trent,Murrow,tmurrowi4@themeforest.net,Male,201.159.249.142
Pinner,Madella,Maypowder,mmaypowderi5@goo.ne.jp,Female,70.165.40.80
Shawe,Dewey,Mawne,dmawnei6@parallels.com,Male,193.115.101.71
Bonus,Dolli,Heater,dheateri7@upenn.edu,Female,171.211.251.172
Pickrill,Callida,Mushet,cmusheti8@dedecms.com,Female,158.122.221.167
Fee,Shirlene,Cullinan,scullinani9@nydailynews.com,Female,197.152.91.223
Siggers,Jesus,Marriage,jmarriageia@constantcontact.com,Male,246.149.207.35
Drury,Packston,Cuddon,pcuddonib@bloglines.com,Male,163.155.151.108
Whorall,Christie,Bestwick,cbestwickic@tumblr.com,Female,227.74.158.92
Aggs,Xena,Franzetti,xfranzettiid@t.co,Female,125.228.97.46
Krause,Simona,Hamfleet,shamfleetie@admin.ch,Female,19.62.148.222
Oswell,Chick,Jurgen,cjurgenif@51.la,Male,139.190.234.2
Porteous,Harlin,Bover,hboverig@4shared.com,Male,57.16.125.242
Leger,Philbert,Matthewman,pmatthewmanih@youtu.be,Male,96.134.43.45
Swindley,Stoddard,Zohrer,szohrerii@sohu.com,Female,74.180.106.224
Mazillius,Ginnifer,Cuell,gcuellij@bloglovin.com,Female,74.33.179.204
Treleaven,Davita,Gauntley,dgauntleyik@imgur.com,Female,65.132.227.184
Rupp,Niccolo,Paolicchi,npaolicchiil@accuweather.com,Male,150.45.217.142
Deboy,Richard,Antill,rantillim@goodreads.com,Male,196.59.212.127
Astridge,Cy,Spaice,cspaicein@narod.ru,Male,16.224.98.89
Tenbrug,Gilbertine,Crome,gcromeio@exblog.jp,Female,170.99.162.160
Cowles,Erminia,Sandercroft,esandercroftip@webeden.co.uk,Female,94.165.44.49
Trenholme,Marie,Loudiane,mloudianeiq@narod.ru,Female,76.195.142.165
Jessup,Brendin,Wintringham,bwintringhamir@whitehouse.gov,Male,5.135.74.26
Mosdill,Pooh,Balogun,pbalogunis@soup.io,Male,79.233.126.129
Ofener,Phip,Robertis,probertisit@omniture.com,Male,119.180.157.148
Flode,Gregory,Wohlers,gwohlersiu@dot.gov,Male,6.80.118.7
Lorriman,Keefer,Shawcross,kshawcrossiv@digg.com,Male,93.207.227.126
Dufoure,Tammara,Forster,tforsteriw@altervista.org,Female,231.159.241.115
Town,Florian,Filer,ffilerix@craigslist.org,Male,27.246.46.98
Sturrock,Kristy,Furphy,kfurphyiy@wired.com,Female,77.102.220.178
Extil,Anatola,Lahiff,alahiffiz@paypal.com,Female,150.90.209.137
Alanbrooke,Adrianna,Lopes,alopesj0@vimeo.com,Female,47.218.228.245
Grima,Michale,Pessler,mpesslerj1@ihg.com,Male,116.95.161.26
Galsworthy,Ardine,Merriday,amerridayj2@amazon.de,Female,71.174.15.12
Mucillo,Hendrik,Kersaw,hkersawj3@google.co.uk,Male,158.60.1.60
MacElane,Tabina,Guiso,tguisoj4@360.cn,Female,14.193.154.161
Reede,Ulrica,Asty,uastyj5@cpanel.net,Female,218.255.21.117
Totton,Artie,Battersby,abattersbyj6@umn.edu,Male,216.184.35.136
Reap,Devlen,Shand,dshandj7@taobao.com,Male,10.27.51.45
Garnar,Raine,Money,rmoneyj8@51.la,Polygender,212.196.152.100
Haggie,Linoel,Philcock,lphilcockj9@cdbaby.com,Male,109.47.63.68
Brice,Dan,Lampet,dlampetja@wunderground.com,Male,72.248.117.137
Kettleson,Loydie,Foster,lfosterjb@wordpress.org,Male,101.198.122.1
Joselevitch,Brien,Votier,bvotierjc@youtu.be,Male,160.144.34.131
Shevelin,Sherwin,Zincke,szinckejd@mysql.com,Male,30.64.49.112
Londing,Marcelo,Bowcher,mbowcherje@zimbio.com,Male,245.228.60.243
O'Mailey,Tulley,Drynan,tdrynanjf@51.la,Male,198.226.140.160
Murrell,Sayer,Durand,sdurandjg@wsj.com,Polygender,235.9.47.88
Lammie,Hillary,Mouse,hmousejh@imdb.com,Agender,91.87.163.202
Vasilchikov,Quincy,Esterbrook,qesterbrookji@over-blog.com,Male,132.223.158.89
Stuther,Dulcie,Cowton,dcowtonjj@xing.com,Female,55.209.62.60
Hartland,Meyer,Collyer,mcollyerjk@feedburner.com,Male,175.39.139.242
Tennock,Gabrielle,Swancott,gswancottjl@ucoz.ru,Polygender,195.46.164.135
Jerman,Katrina,Melanaphy,kmelanaphyjm@dropbox.com,Female,195.145.145.231
Cottee,Rickard,Reynard,rreynardjn@imgur.com,Male,253.40.193.192
Beese,Benjamen,Cleynman,bcleynmanjo@behance.net,Male,48.207.9.97
Akenhead,Wald,Tarbet,wtarbetjp@weebly.com,Male,98.192.238.66
Lightollers,Ansel,Galsworthy,agalsworthyjq@wufoo.com,Male,49.198.143.189
Mullaly,Merrill,Yerrell,myerrelljr@stanford.edu,Male,4.119.78.235
Petrushka,Margarette,Wightman,mwightmanjs@wordpress.org,Female,91.222.157.201
Thunnercliff,Ulberto,Brute,ubrutejt@e-recht24.de,Male,79.55.174.110
Sammes,Shamus,Skeels,sskeelsju@bravesites.com,Male,123.59.67.160
Linnane,Daffie,Rainard,drainardjv@senate.gov,Female,85.39.82.8
Prickett,Earlie,Wyvill,ewyvilljw@psu.edu,Male,233.80.20.86
Campaigne,Judah,Getsham,jgetshamjx@1688.com,Male,10.193.193.44
Koppeck,Sterling,Creffield,screffieldjy@php.net,Polygender,91.230.232.149
Marcroft,Dex,McIlwrath,dmcilwrathjz@miibeian.gov.cn,Male,198.187.146.55
Brewood,Rand,Hakeworth,rhakeworthk0@mashable.com,Male,105.152.23.177
Blasoni,Sandy,Bright,sbrightk1@purevolume.com,Male,201.172.189.36
Bestiman,Nedda,Cheek,ncheekk2@umn.edu,Female,240.208.140.10
Gonsalo,Woodie,Wimsett,wwimsettk3@hao123.com,Male,240.94.7.76
Cereceres,Ricki,Pavyer,rpavyerk4@linkedin.com,Male,53.63.56.97
Ransley,Hamish,Rodnight,hrodnightk5@weibo.com,Male,127.176.134.8
Halton,Emmie,Titterington,etitteringtonk6@photobucket.com,Female,252.102.105.126
Defries,Caty,Placido,cplacidok7@google.ca,Female,21.140.55.212
Meyer,Essa,MacAfee,emacafeek8@hubpages.com,Female,79.129.4.158
Celand,Merv,Neame,mneamek9@arizona.edu,Male,155.101.13.84
Langley,Baily,Cordner,bcordnerka@mysql.com,Male,41.7.223.103
Pendrick,Donny,Kulicke,dkulickekb@ucoz.ru,Male,126.99.251.54
Loughton,Eadie,Gainor,egainorkc@nationalgeographic.com,Female,20.229.51.213
Buscher,Phineas,Leipoldt,pleipoldtkd@purevolume.com,Male,123.119.165.149
Ellison,Mort,Oxteby,moxtebyke@house.gov,Male,250.101.210.149
Humbell,Nappy,Bedenham,nbedenhamkf@amazon.co.uk,Male,10.53.218.49
Lewens,Cirstoforo,Joslin,cjoslinkg@altervista.org,Male,177.183.33.109
McHan,Grace,Glaisner,gglaisnerkh@cloudflare.com,Male,200.229.9.28
MacGill,Janos,Penbarthy,jpenbarthyki@yale.edu,Male,115.195.43.42
Lawtie,Jillian,Weekley,jweekleykj@prlog.org,Bigender,111.75.33.69
Deadman,Michel,Halfhide,mhalfhidekk@paginegialle.it,Male,226.194.131.218
Pilfold,Royal,Wicklen,rwicklenkl@sun.com,Male,163.192.124.146
Pembridge,Marlane,Bartell,mbartellkm@bizjournals.com,Female,201.167.78.14
Filon,Petey,Crimin,pcriminkn@qq.com,Male,20.61.18.213
Coltart,Lida,McKenna,lmckennako@cpanel.net,Female,78.221.39.18
Sabatini,Amara,Cheves,acheveskp@4shared.com,Female,81.91.137.210
Whates,Jenda,Meah,jmeahkq@dell.com,Female,158.233.138.80
Farnworth,Kari,Wotherspoon,kwotherspoonkr@ucsd.edu,Bigender,147.55.22.159
Vibert,Arie,Rowthorne,arowthorneks@nba.com,Male,170.16.191.3
Sieur,Avie,Greedyer,agreedyerkt@hubpages.com,Female,218.86.75.177
Gonnely,Nial,Wands,nwandsku@reverbnation.com,Male,103.216.54.253
Piborn,Blondelle,Crawforth,bcrawforthkv@tamu.edu,Female,222.64.144.62
Ebbage,Austina,Semaine,asemainekw@google.ru,Female,173.199.145.44
Joannic,Tobin,McReynolds,tmcreynoldskx@goo.gl,Male,211.17.61.21
Burdon,Hailey,Gimbrett,hgimbrettky@springer.com,Male,101.36.38.220
Francello,Giraldo,Harnett,gharnettkz@ucoz.com,Male,114.51.145.84
Janson,Madison,MacCallister,mmaccallisterl0@cloudflare.com,Bigender,36.219.119.175
Macieja,Fayth,Forsythe,fforsythel1@nyu.edu,Female,206.101.202.31
Cess,Netti,Mille,nmillel2@nymag.com,Female,23.251.187.17
Kinney,Ingeborg,Daynter,idaynterl3@macromedia.com,Female,128.183.128.6
Conlon,Gerik,McKnish,gmcknishl4@census.gov,Male,188.10.136.45
Manssuer,Hugh,David,hdavidl5@lulu.com,Male,162.221.221.9
Gruczka,Chaim,MacQueen,cmacqueenl6@jimdo.com,Male,102.18.246.235
Brinded,Pierrette,Kemme,pkemmel7@google.it,Female,197.251.170.178
Lagde,Sharron,Wilcott,swilcottl8@rakuten.co.jp,Female,153.233.121.208
Jakubczyk,Justus,Wozencroft,jwozencroftl9@freewebs.com,Bigender,220.31.207.134
Goforth,Eleen,Vescovini,evescovinila@netlog.com,Female,64.241.94.155
Peevor,Tedie,Squier,tsquierlb@dion.ne.jp,Male,54.248.68.159
Grigs,Odelle,Wood,owoodlc@etsy.com,Female,35.172.11.167
Wilton,Dionis,Beeble,dbeebleld@vistaprint.com,Female,67.216.125.204
Thorold,Niki,Benoey,nbenoeyle@uiuc.edu,Agender,247.69.79.98
Lasseter,Allan,Antat,aantatlf@github.com,Male,52.93.162.93
Bentje,Oralla,Canton,ocantonlg@privacy.gov.au,Bigender,181.19.226.61
Tunbridge,Merry,Drover,mdroverlh@huffingtonpost.com,Female,121.93.242.190
Tanti,Shurwood,Melloi,smelloili@sphinn.com,Male,142.216.177.141
Ianelli,Flory,Domsalla,fdomsallalj@google.ru,Female,173.139.84.68
Stiffkins,Roger,Pollington,rpollingtonlk@over-blog.com,Male,242.49.42.213
Turone,Myrle,Dowrey,mdowreyll@booking.com,Female,126.186.123.251
Butt Gow,Juanita,Veldman,jveldmanlm@hud.gov,Female,222.24.53.190
Carlucci,Stacey,Caddy,scaddyln@google.fr,Agender,113.163.79.21
Pepis,Eilis,Fray,efraylo@google.fr,Female,56.80.26.180
O'Cullen,Trefor,Lemme,tlemmelp@mysql.com,Male,114.81.85.197
Yurocjhin,August,Martinelli,amartinellilq@economist.com,Male,218.144.201.188
Jentin,Delainey,Muir,dmuirlr@twitter.com,Male,174.27.78.66
Jewar,Eydie,Perrelle,eperrellels@behance.net,Female,151.170.183.179
Immings,Carleton,Ream,creamlt@slate.com,Male,176.164.171.39
Molen,Hector,MacGeaney,hmacgeaneylu@nytimes.com,Male,65.148.106.54
Bathow,Caz,Gennings,cgenningslv@tiny.cc,Male,58.61.150.221
Loyley,Sarge,Wolvey,swolveylw@ezinearticles.com,Male,55.156.194.37
Snowman,Adamo,Dalby,adalbylx@csmonitor.com,Male,150.127.119.17
Trazzi,Becka,Trouel,btrouelly@home.pl,Female,41.162.131.182
Kobus,Brinna,Enric,benriclz@clickbank.net,Female,149.191.185.181
Richfield,Tobye,Danilov,tdanilovm0@elpais.com,Female,68.19.32.173
Daber,Binni,Hamblington,bhamblingtonm1@google.cn,Female,230.72.57.98
Birkenshaw,Rafferty,Garr,rgarrm2@ow.ly,Male,227.168.155.86
Duchatel,Natale,Potapczuk,npotapczukm3@twitter.com,Male,105.199.97.85
Vanacci,Luise,Vettore,lvettorem4@google.cn,Female,82.127.38.7
D'Alessandro,Angie,Impy,aimpym5@moonfruit.com,Male,33.96.206.142
Andrysiak,Del,Groombridge,dgroombridgem6@dell.com,Female,219.147.147.125
Todhunter,Normie,Behninck,nbehninckm7@auda.org.au,Male,0.0.190.206
Kent,Farlie,Preddy,fpreddym8@engadget.com,Non-binary,77.57.30.88
Tutchings,Lindsay,Riggey,lriggeym9@1688.com,Male,8.210.65.67
Langcaster,Mano,Hollibone,mhollibonema@baidu.com,Male,254.20.59.185
Mordy,Bennie,Cathcart,bcathcartmb@de.vu,Female,180.185.221.16
Ekkel,Nolan,Smallcombe,nsmallcombemc@miitbeian.gov.cn,Male,159.139.14.7
Westpfel,Paulo,Sharrem,psharremmd@acquirethisname.com,Genderfluid,23.162.169.74
Trownson,Reinwald,Emmanuel,remmanuelme@java.com,Male,94.229.103.122
Thurby,Dyane,Jewster,djewstermf@webnode.com,Female,186.218.78.172
De Blasiis,Krystal,Puckring,kpuckringmg@google.ca,Female,210.250.110.97
Necrews,Fabien,Jimmison,fjimmisonmh@delicious.com,Male,59.182.27.98
Turfus,Francklin,Rizzardi,frizzardimi@shop-pro.jp,Male,54.174.220.89
Truce,Belia,Fell,bfellmj@ucsd.edu,Female,152.180.248.48
Budgey,Rosanne,Mandrey,rmandreymk@moonfruit.com,Female,79.8.32.153
Plowes,Dev,Hill,dhillml@tumblr.com,Male,124.251.181.160
Sharnock,Chastity,Nazer,cnazermm@gov.uk,Female,113.113.201.139
Benois,Efrem,Mansbridge,emansbridgemn@illinois.edu,Male,103.110.186.240
Peaple,Nikki,Motten,nmottenmo@blog.com,Male,70.167.60.83
Broadbury,Nadean,Finney,nfinneymp@typepad.com,Female,222.59.226.231
Worgen,Angelia,Vassel,avasselmq@ebay.co.uk,Female,255.212.165.24
Neachell,Celestine,Braine,cbrainemr@i2i.jp,Female,39.218.25.69
Dallaghan,Buddie,Merriton,bmerritonms@va.gov,Male,106.146.227.64
Stickland,Cirilo,Barme,cbarmemt@yandex.ru,Male,48.202.154.187
Gronaller,Maximilian,Barrett,mbarrettmu@uol.com.br,Genderfluid,195.171.152.155
Bullingham,Ellen,Hurdidge,ehurdidgemv@usnews.com,Genderqueer,108.5.1.122
Mico,Bibbie,Chapell,bchapellmw@over-blog.com,Female,72.114.44.45
Webben,Hamilton,Leebetter,hleebettermx@ning.com,Male,5.55.214.143
Foxall,Huntlee,Anwyl,hanwylmy@cargocollective.com,Male,117.253.40.74
Argile,Kerianne,Penella,kpenellamz@issuu.com,Female,221.120.36.179
Aspel,Bibby,De Mitri,bdemitrin0@msu.edu,Female,162.230.167.185
Bullene,Saw,Govett,sgovettn1@yelp.com,Male,17.213.29.180
Sharplin,Irita,Ivashkin,iivashkinn2@addthis.com,Female,104.4.201.47
Boosey,Nissy,Redfern,nredfernn3@chicagotribune.com,Female,26.148.108.176
Varga,Tore,Niese,tniesen4@hud.gov,Male,63.190.25.93
Franchi,Winston,Mongain,wmongainn5@elpais.com,Male,19.150.125.76
Bavister,Jarib,Dolton,jdoltonn6@telegraph.co.uk,Male,127.191.61.193
Pestor,Marshal,Burgoine,mburgoinen7@scribd.com,Male,175.185.45.44
Pfeifer,Jorgan,Wolsey,jwolseyn8@desdev.cn,Male,143.179.69.64
Castrillo,Eward,O'Kuddyhy,eokuddyhyn9@usatoday.com,Male,115.166.50.11
Fearick,Lauren,Bridden,lbriddenna@github.io,Male,208.193.244.80
Hartopp,Thomasine,Whatson,twhatsonnb@nationalgeographic.com,Female,23.242.114.179
Trott,Archy,Moquin,amoquinnc@newyorker.com,Male,100.34.240.73
Faunch,Yvon,Iacovazzi,yiacovazzind@economist.com,Male,70.15.190.27
Forsard,Idelle,Mohan,imohanne@vinaora.com,Agender,111.179.135.188
Wibrew,Kathryn,Posselow,kposselownf@wsj.com,Genderfluid,215.42.13.8
Mushet,Mason,Akast,makastng@apache.org,Male,194.4.229.167
Rivilis,Sutton,Roly,srolynh@sitemeter.com,Male,30.39.70.209
Wreight,Stephan,Downage,sdownageni@guardian.co.uk,Male,191.221.112.92
Elsmor,Diandra,Kernock,dkernocknj@pbs.org,Non-binary,2.121.17.158
Hedditch,Wolfy,Scholl,wschollnk@ycombinator.com,Male,199.8.52.15
Bushen,Dom,McGlaughn,dmcglaughnnl@goo.ne.jp,Male,165.83.120.126
Judkins,Dewey,Plett,dplettnm@examiner.com,Male,93.84.18.101
Shackell,Coop,Seif,cseifnn@phpbb.com,Genderqueer,27.198.235.193
Hefferan,Irita,Wallenger,iwallengerno@reference.com,Female,25.240.222.26
Alf,Broddie,Glass,bglassnp@ox.ac.uk,Male,234.78.177.230
Golly,Lisabeth,Kisting,lkistingnq@newsvine.com,Female,30.2.220.147
Bankhurst,Anett,Tritton,atrittonnr@google.com.br,Female,200.140.223.91
Jimeno,Adina,Finch,afinchns@about.com,Bigender,26.83.111.139
Conaghy,Hoebart,Pimlett,hpimlettnt@moonfruit.com,Male,81.218.116.189
Housen,Arlyne,Antuk,aantuknu@tiny.cc,Female,59.13.34.33
Mockford,Tawsha,Glen,tglennv@reddit.com,Female,40.105.187.220
MacPake,Nettle,Nockells,nnockellsnw@wordpress.org,Female,31.167.135.78
Cudbird,Dania,Daunay,ddaunaynx@bravesites.com,Female,8.38.130.104
Burleton,Garner,Britch,gbritchny@independent.co.uk,Male,252.243.81.173
Teodorski,Roobbie,Crinidge,rcrinidgenz@howstuffworks.com,Female,16.96.64.124
Dingate,Krystal,Szubert,kszuberto0@wunderground.com,Female,2.57.139.72
Gibling,Kenon,Netherclift,knetherclifto1@patch.com,Male,176.134.159.195
Jonke,Prisca,Suttaby,psuttabyo2@wp.com,Female,164.147.54.111
Sjollema,Rickard,Varian,rvariano3@wordpress.org,Male,222.75.196.192
Reubel,Joanna,Beels,jbeelso4@blinklist.com,Female,199.171.50.67
Paoloni,Brand,Matis,bmatiso5@statcounter.com,Male,57.101.47.232
Illingworth,Shari,Kristoffersson,skristofferssono6@google.de,Female,238.80.69.86
Minto,Ludwig,Filipponi,lfilipponio7@lycos.com,Male,123.197.197.255
Loutheane,Wood,Keme,wkemeo8@shinystat.com,Male,223.207.226.200
Bucknell,Pia,Chance,pchanceo9@mozilla.org,Female,226.216.234.91
Heaford,Hill,Spinks,hspinksoa@dyndns.org,Male,85.185.197.151
Woolsey,Helena,Lovett,hlovettob@seattletimes.com,Female,179.166.70.181
Chaffe,Margalit,Brameld,mbrameldoc@independent.co.uk,Female,147.148.222.23
Sikora,Albert,Ricciardelli,aricciardelliod@china.com.cn,Genderfluid,138.225.134.30
MacArd,Granny,Barsby,gbarsbyoe@sohu.com,Male,153.181.157.168
Sotheron,Garrott,Gerrelt,ggerreltof@friendfeed.com,Male,212.104.92.191
Dwight,Leeann,Tevelov,ltevelovog@pcworld.com,Female,194.113.220.155
Johnston,Esteban,Lawey,elaweyoh@liveinternet.ru,Male,55.182.14.0
Tagg,Ruby,McGregor,rmcgregoroi@dagondesign.com,Male,144.186.225.21
Allott,Josiah,Veld,jveldoj@japanpost.jp,Male,110.177.232.35
Baline,Leda,Folcarelli,lfolcarelliok@irs.gov,Female,130.185.202.197
Brion,Veronique,Gable,vgableol@infoseek.co.jp,Female,11.69.73.178
MacKeever,Lexie,Jeenes,ljeenesom@imageshack.us,Female,88.113.85.16
Cowe,Amaleta,Booler,abooleron@sun.com,Female,178.84.198.150
Catanheira,Kym,Lewsy,klewsyoo@wunderground.com,Female,213.130.16.95
Ramshaw,Dorella,Cocker,dcockerop@youku.com,Female,73.199.143.150
Brothwell,Daron,Tummons,dtummonsoq@qq.com,Female,153.190.104.83
Simkovich,Lynnell,Meynell,lmeynellor@bluehost.com,Female,193.69.156.232
Swatton,Boniface,Bayliss,bbaylissos@nifty.com,Male,250.61.158.121
Crosston,Cash,Spurgeon,cspurgeonot@chronoengine.com,Male,209.26.46.212
Cremen,Angelia,Focke,afockeou@nbcnews.com,Non-binary,122.56.90.159
Purtell,Erin,Hindshaw,ehindshawov@nbcnews.com,Female,42.125.122.70
Marqyes,Loria,Girdler,lgirdlerow@xinhuanet.com,Genderfluid,151.4.234.254
Kayley,Theo,Brehault,tbrehaultox@hp.com,Polygender,105.103.28.103
Lindwall,Nesta,Salan,nsalanoy@google.co.jp,Female,102.41.55.87
Pretswell,Felicio,Somerville,fsomervilleoz@theguardian.com,Male,226.125.26.253
Follan,Claretta,Yelyashev,cyelyashevp0@admin.ch,Female,68.149.15.87
Kidstoun,Shermy,Buchanan,sbuchananp1@mail.ru,Male,210.174.95.85
Chasteney,Pancho,Florey,pfloreyp2@intel.com,Male,18.101.155.6
Mannock,Hulda,Tregiddo,htregiddop3@ted.com,Female,247.116.187.37
Proffer,Wesley,Mantrip,wmantripp4@rakuten.co.jp,Male,57.36.100.64
Ricardet,Bordie,Darbey,bdarbeyp5@t-online.de,Male,93.248.104.236
Toquet,Lowe,Bushby,lbushbyp6@dagondesign.com,Male,28.105.107.208
Peeke-Vout,Antoinette,Farncomb,afarncombp7@themeforest.net,Female,158.142.172.16
Casterton,Eadie,Branford,ebranfordp8@ebay.com,Female,243.247.20.77
Pickup,Briney,Antyshev,bantyshevp9@prnewswire.com,Female,240.52.57.207
Gorry,Seka,Sherwyn,ssherwynpa@behance.net,Female,158.83.51.176
Cheshire,Zared,Van der Veldt,zvanderveldtpb@wikipedia.org,Male,60.42.16.136
Toppas,Brucie,Tootell,btootellpc@weather.com,Male,99.140.187.4
Prayer,Marc,Zapater,mzapaterpd@mtv.com,Male,139.184.153.177
Tunder,Tally,Quartermaine,tquartermainepe@ox.ac.uk,Male,203.46.222.14
Georgescu,Gena,McGeorge,gmcgeorgepf@slate.com,Female,246.111.39.8
Grabiec,Terra,Lee,tleepg@taobao.com,Female,124.149.238.106
Kingham,Garry,Feedome,gfeedomeph@ovh.net,Male,13.203.121.7
Delion,Padraig,Ramberg,prambergpi@va.gov,Male,27.188.197.62
Belham,Gav,Juschke,gjuschkepj@baidu.com,Male,39.196.213.216
MacLleese,Blondelle,Fresson,bfressonpk@artisteer.com,Female,93.62.182.106
Kinnock,Lela,Milner,lmilnerpl@ask.com,Female,33.173.94.106
Perrie,Lewie,Ryce,lrycepm@ucla.edu,Male,198.214.159.162
Minchella,Lesya,Eyckelbeck,leyckelbeckpn@biblegateway.com,Female,116.16.74.13
Riba,Adolf,O' Gara,aogarapo@fotki.com,Male,169.167.143.205
Ashington,Malena,MacCarroll,mmaccarrollpp@cisco.com,Female,165.9.61.161
Bougen,Chris,Lines,clinespq@weather.com,Female,155.211.82.83
Vasiliev,Britta,Fassman,bfassmanpr@so-net.ne.jp,Female,205.111.21.9
Medlar,Guillemette,Bushel,gbushelps@upenn.edu,Female,121.98.227.222
Kerbler,Haywood,Hymus,hhymuspt@mtv.com,Male,186.234.113.33
Jinkin,Cody,Ferries,cferriespu@mapy.cz,Male,89.234.22.125
Livard,Shea,Binden,sbindenpv@msn.com,Male,111.134.2.251
Spoole,Myranda,Rummery,mrummerypw@huffingtonpost.com,Female,15.162.128.174
Kitlee,Elisha,Lucken,eluckenpx@ucsd.edu,Genderfluid,16.117.193.69
Kelshaw,Ileane,Behneke,ibehnekepy@ihg.com,Female,127.5.29.48
Minchinton,Ignaz,Pillinger,ipillingerpz@blogspot.com,Male,82.30.28.165
Blaiklock,Isabel,Hearthfield,ihearthfieldq0@nature.com,Female,67.117.161.15
Tommaseo,Zorine,Plaide,zplaideq1@icq.com,Female,181.255.7.153
Elnor,Elisha,Walczak,ewalczakq2@fda.gov,Female,252.204.110.249
Sparrow,Nero,Lethieulier,nlethieulierq3@arizona.edu,Male,37.94.130.177
Gisbey,Goldy,Crawley,gcrawleyq4@columbia.edu,Female,186.2.89.114
Halworth,Blinni,Gocke,bgockeq5@edublogs.org,Female,195.167.210.127
Egle,Gerianne,Slaughter,gslaughterq6@mlb.com,Female,61.76.204.135
Grogona,Jessica,Fitzhenry,jfitzhenryq7@51.la,Female,66.61.28.182
Samett,Kaitlynn,Knox,kknoxq8@google.co.jp,Female,188.231.124.110
Riden,Eric,Linkin,elinkinq9@fc2.com,Male,253.8.254.54
Fearnill,Shaw,Saintpierre,ssaintpierreqa@weibo.com,Male,177.228.223.160
Balsdon,Alvina,Grocott,agrocottqb@state.gov,Female,173.206.53.224
Dutteridge,Shandy,Bridle,sbridleqc@dyndns.org,Female,52.86.3.247
Leese,Gabbie,Tallquist,gtallquistqd@sbwire.com,Female,130.206.185.88
Rainy,Marita,Leney,mleneyqe@sbwire.com,Female,73.168.121.31
Gahagan,Aharon,Barsby,abarsbyqf@list-manage.com,Male,211.152.105.59
Berrey,Bethanne,Pigram,bpigramqg@weibo.com,Female,93.22.126.180
Reis,Electra,Arnowicz,earnowiczqh@sun.com,Female,179.167.73.198
Sneesbie,Russell,Davall,rdavallqi@examiner.com,Male,246.202.72.5
Eglin,Maurie,Jerdon,mjerdonqj@gizmodo.com,Male,65.110.97.111
Dmitrichenko,Naomi,Tonn,ntonnqk@ftc.gov,Female,13.17.17.198
Hartigan,Russell,Buckam,rbuckamql@ucla.edu,Male,89.198.59.32
Funnell,Gayla,Argente,gargenteqm@state.gov,Female,242.184.114.164
Boothman,Franzen,Sconce,fsconceqn@bbb.org,Male,121.190.3.98
Lax,Bren,Fittall,bfittallqo@networkadvertising.org,Male,165.183.234.171
Dimmock,Jannelle,Bemand,jbemandqp@microsoft.com,Female,207.84.89.186
Tarbox,Artus,Iczokvitz,aiczokvitzqq@hexun.com,Male,104.9.23.192
Densumbe,Chaim,Quilliam,cquilliamqr@unc.edu,Male,227.249.40.33
Miettinen,Oralla,Lindenbaum,olindenbaumqs@uol.com.br,Female,161.157.143.23
Calwell,Roland,Tooze,rtoozeqt@twitpic.com,Male,238.98.118.210
Bratcher,Jackie,Shitliff,jshitliffqu@wikimedia.org,Female,159.136.35.42
Anslow,Stanleigh,Loader,sloaderqv@php.net,Male,65.116.181.25
Eamer,Haskell,Girk,hgirkqw@bravesites.com,Male,244.113.108.232
Darke,Ulrika,Vahl,uvahlqx@bing.com,Female,16.61.215.182
Higgoe,Tabbi,Simchenko,tsimchenkoqy@jugem.jp,Female,77.93.45.251
Flatte,Fionna,Millgate,fmillgateqz@reference.com,Female,22.58.133.243
Akeherst,Seana,Crust,scrustr0@merriam-webster.com,Genderfluid,19.221.21.2
Shadbolt,Sioux,Ginger,sgingerr1@upenn.edu,Agender,211.125.161.79
Bothbie,Ernaline,Waye,ewayer2@geocities.com,Female,214.3.99.219
Grimwade,Chrystal,Poat,cpoatr3@miitbeian.gov.cn,Female,246.184.75.180
Ledward,Kent,Keam,kkeamr4@hostgator.com,Male,189.255.190.64
Hasser,Joellen,Agott,jagottr5@constantcontact.com,Female,77.53.251.49
McFayden,Edmon,Horick,ehorickr6@webnode.com,Male,29.158.219.255
Wickie,Hugues,Crose,hcroser7@gravatar.com,Male,80.69.103.194
MacPike,Carolynn,Klugel,cklugelr8@elpais.com,Non-binary,29.134.89.246
Rysdale,Godiva,Boland,gbolandr9@state.gov,Female,208.111.151.33
Pagon,Letta,Ianetti,lianettira@seattletimes.com,Female,91.197.232.132
Froment,Kizzie,Tanner,ktannerrb@ucla.edu,Female,197.82.96.233
McPharlain,Brunhilde,Kornilyev,bkornilyevrc@symantec.com,Female,163.224.37.124
Hebbron,Myriam,Silverthorne,msilverthornerd@springer.com,Female,176.101.188.159
Lamasna,Hazel,Mosby,hmosbyre@prnewswire.com,Female,140.105.86.164
Raynes,Carney,Archell,carchellrf@4shared.com,Male,181.96.203.59
Sprake,Ashli,Alderton,aaldertonrg@sohu.com,Genderfluid,238.107.29.232
Aynscombe,Gideon,Chrisp,gchrisprh@cisco.com,Male,165.91.193.63
Mc Trusty,Alic,Thornally,athornallyri@angelfire.com,Male,94.124.118.129
Durrett,Ulick,Lawling,ulawlingrj@ameblo.jp,Male,28.254.10.25
Ravenshear,Christopher,Girardet,cgirardetrk@rakuten.co.jp,Male,93.16.198.2
Vassman,Serge,Towlson,stowlsonrl@prlog.org,Male,12.146.112.29
Smallshaw,Danila,Mennear,dmennearrm@ocn.ne.jp,Female,144.75.178.74
Headrick,Thaine,Dumigan,tdumiganrn@123-reg.co.uk,Male,22.38.121.59
Dugget,Barclay,Germann,bgermannro@webnode.com,Male,208.211.104.199
Verryan,Keefer,Simson,ksimsonrp@51.la,Male,150.158.142.42
Ridge,Marcel,Bensen,mbensenrq@geocities.com,Male,230.245.30.145
Bodesson,Alanna,Greally,agreallyrr@yellowpages.com,Female,79.110.235.38
