Contract ID,Vendor,Start Date,End Date,Annual Cost
Registered Nurse,Avaveo,11/11/2025,5/9/2024,869242.79
Product Engineer,Brainsphere,1/20/2027,4/18/2026,482526.14
Staff Scientist,Aimbu,7/11/2026,7/8/2027,209149.88
Developer III,Flashset,4/16/2027,10/20/2027,371499.44
Quality Control Specialist,Buzzshare,4/25/2025,12/25/2025,847221.44
General Manager,Brainsphere,12/7/2027,2/23/2028,843925.0
Systems Administrator III,Fadeo,1/4/2025,3/24/2025,172387.42
Research Nurse,Flipbug,4/4/2025,7/26/2027,882342.78
Research Nurse,Rhynyx,2/23/2025,10/13/2024,493299.65
Clinical Specialist,Camimbo,10/25/2027,6/14/2028,256453.27
Financial Analyst,Pixope,1/12/2025,10/10/2025,360734.11
VP Marketing,Babblestorm,1/25/2026,9/23/2027,491744.29
Teacher,Podcat,6/26/2025,6/28/2029,205037.47
Programmer Analyst II,Buzzster,6/23/2025,9/10/2024,575018.6
Social Worker,Quinu,3/26/2024,2/8/2028,805071.97
Recruiting Manager,Skaboo,4/13/2024,11/16/2030,519276.11
Automation Specialist IV,Blogtags,3/19/2024,10/27/2026,927078.76
Social Worker,Devshare,3/28/2025,6/19/2029,347872.85
Data Coordinator,Twinte,6/7/2025,7/8/2027,698215.59
Media Manager IV,Minyx,3/28/2025,7/15/2024,83455.11
Occupational Therapist,Lazz,2/5/2026,8/26/2027,294170.02
Account Coordinator,Buzzdog,8/8/2027,8/30/2024,454629.91
Engineer IV,Zoonder,12/8/2025,9/19/2027,170643.6
Financial Analyst,Divanoodle,11/24/2025,4/10/2027,960101.69
Automation Specialist IV,Zoombeat,10/16/2027,6/21/2026,428720.6
Nuclear Power Engineer,Photobug,4/7/2027,1/20/2028,396033.13
General Manager,Zoombox,12/11/2027,6/21/2029,448712.81
Community Outreach Specialist,Twitterwire,5/21/2027,7/18/2026,429560.04
Physical Therapy Assistant,Yakijo,1/25/2027,5/6/2024,694695.11
Quality Engineer,Fivespan,3/3/2025,8/14/2028,160241.96
Environmental Tech,Dabfeed,12/29/2027,12/30/2029,307994.84
VP Sales,Mymm,1/26/2026,2/10/2030,470912.83
Account Representative II,Rhybox,12/17/2026,9/5/2028,88941.7
VP Sales,Skinte,8/29/2024,9/2/2025,7252.01
Developer III,Jabbertype,2/14/2027,9/30/2025,395216.22
Senior Developer,Linkbridge,11/24/2026,12/20/2029,324295.02
Staff Scientist,Trupe,9/5/2024,10/30/2027,45232.96
Research Assistant IV,Muxo,5/30/2025,3/6/2028,520896.1
Librarian,Aibox,12/4/2025,10/17/2030,439823.95
VP Product Management,Twinte,3/23/2024,8/24/2028,294326.56
Human Resources Assistant II,Voonder,2/16/2024,10/5/2028,773721.19
Junior Executive,Photobean,9/7/2025,2/1/2024,753898.34
Teacher,Demimbu,8/6/2024,6/30/2026,170152.1
Programmer Analyst I,Fanoodle,12/24/2025,7/7/2029,880386.61
Actuary,Dynabox,12/31/2024,2/25/2025,891748.5
VP Marketing,Kwideo,1/28/2027,10/29/2026,809118.55
Social Worker,Photobean,2/25/2025,10/22/2030,419485.9
Developer IV,Mudo,9/21/2027,10/4/2029,523253.2
Operator,Oozz,7/9/2027,10/4/2024,90835.28
Financial Analyst,Ntags,3/28/2025,10/20/2024,350260.34
Nuclear Power Engineer,Ntags,5/11/2025,6/16/2029,200603.23
Programmer II,Trilia,6/8/2026,2/1/2030,554210.38
Financial Advisor,Devpoint,1/13/2024,1/26/2029,920368.63
Geological Engineer,Mymm,11/2/2024,7/7/2028,636611.6
Budget/Accounting Analyst I,Abatz,6/2/2025,6/7/2025,692705.2
Systems Administrator I,Livefish,1/11/2025,1/8/2025,354086.72
Nuclear Power Engineer,Eazzy,6/9/2026,11/22/2029,496119.62
Programmer II,Skiba,7/13/2024,7/1/2030,891278.94
Software Consultant,Oyonder,3/23/2024,10/2/2027,990692.49
Payment Adjustment Coordinator,Browsetype,6/2/2024,10/6/2029,945298.2
Nuclear Power Engineer,Blognation,11/6/2024,7/24/2025,977220.47
Senior Cost Accountant,Realcube,2/4/2027,4/16/2027,232838.12
Web Developer IV,Rhybox,1/16/2025,9/16/2024,587420.01
Administrative Assistant II,Mudo,5/21/2024,8/10/2025,838287.92
Librarian,Kimia,4/21/2025,8/2/2029,686365.53
Software Consultant,Bubblebox,1/6/2024,8/19/2026,901709.42
Computer Systems Analyst III,Buzzbean,4/6/2027,8/31/2027,190700.61
Account Executive,Meejo,3/28/2027,6/24/2028,689078.58
Cost Accountant,Babblestorm,11/15/2024,8/13/2024,763930.52
Financial Advisor,Gabvine,4/7/2025,5/11/2030,913624.01
Research Nurse,Browsedrive,1/6/2024,7/18/2027,962724.15
Structural Analysis Engineer,Nlounge,7/31/2027,6/2/2030,905458.75
Recruiter,Tagpad,10/28/2027,2/12/2028,749711.92
Quality Control Specialist,Mymm,5/21/2025,11/23/2024,572005.22
Software Test Engineer III,Tazzy,7/11/2025,7/16/2026,794355.18
Chemical Engineer,Blogspan,6/14/2025,7/6/2025,823194.83
Assistant Media Planner,Devshare,8/4/2024,11/22/2026,193848.78
Librarian,Divanoodle,12/18/2026,3/16/2026,146397.19
Recruiting Manager,Eabox,11/10/2027,5/2/2026,751811.45
Developer III,Jabbersphere,9/1/2025,3/26/2029,867631.22
Social Worker,Edgewire,1/7/2027,8/6/2024,894975.94
VP Accounting,Voonte,7/1/2024,11/5/2025,702764.47
Recruiter,Youtags,11/14/2024,7/6/2028,595625.67
Computer Systems Analyst I,Edgeblab,2/12/2027,4/9/2030,445413.24
Executive Secretary,Topiclounge,6/10/2024,5/19/2030,884214.58
Account Representative III,Brainbox,9/19/2027,3/28/2026,745860.24
VP Quality Control,Kimia,7/17/2025,6/15/2030,89147.11
Chemical Engineer,Bubbletube,1/23/2025,10/17/2028,948544.23
Sales Associate,Dabfeed,2/13/2027,9/8/2029,408160.95
Web Designer IV,Voonte,11/2/2026,6/24/2027,73797.08
Financial Analyst,Flashpoint,3/21/2026,10/9/2026,788627.14
Assistant Media Planner,Browsebug,10/20/2024,9/18/2026,491137.58
Pharmacist,Aivee,7/17/2026,3/20/2026,613477.31
Nurse,Brainsphere,8/19/2027,8/9/2026,779400.18
Human Resources Assistant IV,Zooveo,2/18/2024,6/13/2030,250865.82
Teacher,Photobean,7/18/2026,12/10/2028,187866.87
Sales Associate,Tavu,6/6/2024,4/22/2026,95726.25
Chemical Engineer,Bubblemix,9/10/2026,5/18/2028,786834.06
Quality Engineer,Brainsphere,2/21/2024,6/17/2026,844932.35
Graphic Designer,Roodel,5/31/2026,7/15/2024,351614.21
Safety Technician I,Dabfeed,7/28/2027,5/3/2030,649704.14
Software Engineer IV,Feedfish,10/24/2025,7/21/2029,180465.68
Geologist I,Brainverse,7/13/2027,7/12/2027,348766.84
Sales Representative,Edgetag,6/29/2026,12/11/2025,582399.55
Research Nurse,Mybuzz,5/12/2026,9/9/2028,846260.93
Cost Accountant,Zava,3/20/2025,5/13/2024,719422.43
Research Associate,Zoomcast,3/18/2026,7/2/2026,276861.23
Media Manager II,Shuffledrive,3/23/2026,7/12/2024,572394.54
Teacher,Voolith,2/14/2024,8/4/2029,81853.61
VP Accounting,Skippad,3/26/2026,3/21/2029,49427.57
Registered Nurse,Kayveo,2/21/2025,9/10/2026,38936.16
Product Engineer,Voomm,3/1/2027,1/23/2025,396954.22
Human Resources Assistant III,Kaymbo,2/27/2025,8/10/2027,687407.33
Senior Developer,Kazio,3/24/2026,10/30/2028,631710.92
Senior Quality Engineer,Jaxspan,4/18/2025,5/10/2030,927062.54
Computer Systems Analyst IV,Pixope,12/1/2024,10/6/2029,842689.0
Research Assistant I,Realcube,7/4/2024,2/7/2030,140993.82
Media Manager IV,BlogXS,4/14/2025,9/12/2025,333087.57
Payment Adjustment Coordinator,Jaxspan,4/28/2026,10/6/2025,810583.62
Office Assistant III,Mynte,6/5/2026,10/3/2028,974326.98
Account Executive,Blogtags,9/18/2024,9/16/2028,973621.99
Budget/Accounting Analyst I,Edgeblab,5/30/2027,7/24/2026,438402.64
Senior Cost Accountant,Cogilith,4/9/2027,4/25/2025,449029.49
Senior Editor,InnoZ,5/23/2027,12/1/2028,279140.64
Account Representative III,Jabbercube,6/1/2027,5/3/2027,432026.78
Occupational Therapist,Quire,12/27/2024,8/6/2030,308230.38
Research Associate,Tavu,12/8/2024,1/20/2025,296044.07
Developer IV,Zoonoodle,5/11/2024,2/20/2024,453041.59
Financial Analyst,Centizu,8/17/2026,1/30/2029,600355.26
Developer IV,Gabtune,3/14/2027,3/18/2030,511914.57
Human Resources Assistant I,Oyope,10/25/2027,8/27/2028,615582.68
Senior Developer,Zooxo,6/15/2026,11/10/2026,398673.52
Automation Specialist III,Rhyloo,4/18/2024,12/28/2024,542508.96
Dental Hygienist,Riffpath,9/6/2026,4/25/2028,798437.73
Staff Scientist,Topiclounge,3/28/2027,9/22/2024,616924.63
Web Designer III,Oyope,7/3/2026,5/18/2029,914269.29
Dental Hygienist,Rooxo,4/9/2024,4/22/2028,928296.5
Automation Specialist I,Quimm,4/30/2025,1/12/2026,600684.28
GIS Technical Architect,Nlounge,10/9/2025,3/14/2028,154859.86
Web Developer III,Babblestorm,12/26/2024,4/16/2029,657569.51
Registered Nurse,Riffpath,11/9/2027,3/20/2026,761351.77
Civil Engineer,Meetz,11/2/2025,9/16/2026,344238.33
Clinical Specialist,Feedfire,8/10/2024,8/31/2030,196433.04
Data Coordinator,Skalith,8/6/2025,5/27/2025,714972.18
Budget/Accounting Analyst IV,Wikizz,8/27/2027,10/12/2030,404115.38
Software Engineer IV,Feedfish,8/8/2027,5/29/2028,172931.83
Software Consultant,Brainbox,5/3/2025,4/9/2026,605248.45
Senior Editor,Linkbuzz,11/15/2025,5/5/2029,925720.36
Technical Writer,Rhycero,4/1/2027,4/12/2028,489656.95
Speech Pathologist,Trupe,2/12/2025,11/17/2028,290164.82
Financial Advisor,Dynabox,9/15/2024,7/2/2025,769026.78
Programmer Analyst I,Livetube,4/8/2025,9/13/2028,592167.48
Financial Analyst,Viva,3/7/2026,9/9/2030,199075.31
Staff Scientist,Meetz,4/13/2025,7/13/2027,625282.88
Help Desk Operator,Realbuzz,4/25/2027,7/2/2029,300440.11
Desktop Support Technician,Devify,1/27/2026,3/17/2027,144655.42
Assistant Media Planner,Feedspan,2/5/2024,11/1/2026,604471.78
Desktop Support Technician,Kamba,2/24/2024,10/21/2024,451337.09
Pharmacist,Bubblebox,1/19/2024,3/5/2029,975916.59
Web Developer II,Twimm,9/17/2024,11/9/2024,133593.93
Professor,Tazzy,2/14/2024,2/10/2027,659179.64
Software Engineer IV,Centidel,2/2/2026,12/28/2030,844507.82
Business Systems Development Analyst,Innotype,3/28/2024,10/21/2024,370414.07
Recruiter,Aivee,12/4/2024,9/5/2024,17598.11
Speech Pathologist,Tambee,6/18/2027,12/25/2030,859851.24
Junior Executive,Oyondu,11/15/2027,3/24/2030,578906.68
Nuclear Power Engineer,Tagopia,10/17/2024,10/24/2029,33869.71
Human Resources Assistant III,Oyondu,11/4/2026,10/29/2026,739803.64
VP Marketing,Zoonoodle,4/10/2025,5/8/2028,856733.9
Dental Hygienist,Topicstorm,2/1/2025,3/18/2028,68560.87
Programmer III,Browsebug,1/20/2026,11/8/2024,154422.15
Statistician II,Voonte,3/6/2026,4/17/2030,115411.65
Data Coordinator,Mynte,10/8/2027,9/11/2030,233421.36
Payment Adjustment Coordinator,Skidoo,1/8/2027,10/27/2026,608759.24
Information Systems Manager,Quatz,7/5/2025,11/17/2025,348261.33
Analog Circuit Design manager,Dabfeed,11/16/2024,8/31/2029,63174.92
Registered Nurse,Kayveo,3/2/2026,11/16/2028,784690.78
Automation Specialist I,Blogpad,4/30/2027,11/11/2025,419339.88
Product Engineer,Fivespan,4/18/2026,9/25/2030,184493.26
VP Product Management,Realcube,12/17/2024,1/15/2028,394682.24
Financial Analyst,Brainlounge,2/6/2026,11/9/2026,757178.05
Account Representative IV,Blogspan,4/5/2027,12/22/2027,457207.38
Administrative Assistant II,Eare,7/6/2024,5/30/2030,969870.32
Senior Editor,Meevee,8/15/2024,10/21/2029,158639.17
Biostatistician IV,Skipfire,9/8/2024,1/20/2024,388529.89
Marketing Manager,Fatz,10/12/2026,3/5/2025,728339.17
Paralegal,Edgeblab,5/8/2027,8/15/2024,788681.77
Statistician IV,Babbleopia,8/10/2026,3/6/2030,244664.06
Programmer IV,Trupe,11/30/2024,10/19/2030,494029.08
Teacher,Thoughtbeat,12/12/2024,3/30/2028,28529.46
Systems Administrator IV,Zoomcast,2/17/2024,2/12/2026,161794.64
Analyst Programmer,Mynte,8/25/2027,6/3/2027,399951.98
Engineer II,Mycat,9/17/2027,8/16/2030,936636.2
Financial Advisor,Pixonyx,11/6/2024,4/22/2028,892029.6
Electrical Engineer,Photojam,6/24/2024,11/27/2027,154812.87
VP Marketing,Fivebridge,9/5/2024,8/9/2029,584678.75
Financial Analyst,Feedfire,2/3/2024,10/9/2026,299950.12
Physical Therapy Assistant,Topiclounge,7/1/2026,3/7/2027,78862.26
Community Outreach Specialist,Youopia,11/6/2024,9/28/2026,17222.66
Geological Engineer,Gabtype,6/24/2027,1/30/2025,368472.2
Geologist III,Skipfire,3/13/2026,6/4/2028,73801.16
Compensation Analyst,Divavu,1/29/2024,4/7/2024,391555.14
Senior Financial Analyst,Einti,3/9/2025,8/2/2025,131352.74
Account Executive,Tavu,7/3/2026,1/12/2029,994110.18
Junior Executive,Brightdog,6/18/2027,8/20/2030,560730.91
Senior Cost Accountant,Zoozzy,10/14/2026,3/23/2024,751604.05
Quality Control Specialist,Rhybox,9/18/2024,6/12/2029,255992.14
Actuary,Skimia,1/15/2025,11/21/2029,609318.74
Budget/Accounting Analyst IV,Jabberbean,11/12/2024,7/18/2028,133710.5
Health Coach I,Janyx,6/1/2026,3/31/2028,536334.88
Assistant Professor,Livepath,5/5/2025,6/5/2029,928377.95
VP Marketing,Chatterpoint,12/30/2024,2/18/2028,671168.35
Help Desk Technician,Mycat,4/8/2027,6/28/2028,341694.12
Research Assistant II,Wikibox,12/23/2026,2/13/2030,271094.33
Research Assistant III,Zoonder,4/30/2027,2/19/2025,41883.1
Account Representative III,Eidel,4/5/2024,5/27/2029,892871.91
Electrical Engineer,Youbridge,11/27/2026,5/15/2030,336912.84
Assistant Manager,Oyondu,6/1/2027,10/21/2029,17256.04
Dental Hygienist,Tagchat,2/6/2027,5/15/2025,478857.1
Developer III,Realfire,7/13/2024,5/29/2027,246499.9
Social Worker,Npath,8/29/2025,12/14/2024,770427.9
Electrical Engineer,Meemm,9/12/2026,9/5/2027,943442.91
Analog Circuit Design manager,Ozu,12/18/2026,9/10/2030,872500.02
Associate Professor,Mynte,12/15/2025,2/7/2028,238244.42
Account Executive,Topicstorm,4/21/2024,12/22/2025,657688.38
Design Engineer,Demizz,12/22/2027,11/19/2029,656495.11
Junior Executive,Zoomzone,4/25/2026,8/23/2025,472081.23
Registered Nurse,Oyope,8/12/2024,1/19/2024,302934.92
Engineer IV,Rhyloo,8/8/2025,1/8/2024,392604.3
Actuary,Oyoba,9/5/2024,10/8/2029,239180.14
Biostatistician IV,Teklist,4/30/2024,9/30/2025,742022.6
Health Coach IV,Mybuzz,8/28/2024,6/11/2027,897214.2
Developer III,Agivu,4/19/2027,1/24/2028,435344.16
Professor,Vinte,10/22/2027,10/22/2026,343322.01
Assistant Media Planner,Divape,1/13/2024,12/16/2027,978175.61
Geologist III,Blogtag,4/6/2025,4/29/2027,336284.25
Civil Engineer,Kwilith,8/14/2026,2/13/2027,927811.51
VP Quality Control,Jabbercube,3/30/2024,10/12/2024,745207.27
Nurse Practicioner,Kanoodle,4/1/2025,9/6/2028,398376.56
Senior Editor,Jetpulse,6/5/2024,10/2/2025,323345.06
Nurse,Yabox,11/24/2027,10/15/2024,533444.7
Pharmacist,Ntag,6/6/2024,10/13/2030,790505.46
Web Designer IV,Riffwire,5/26/2024,2/14/2025,276590.91
Information Systems Manager,Topicware,3/31/2026,11/10/2027,168183.39
Teacher,Jabbertype,1/13/2027,9/12/2028,404020.03
Speech Pathologist,Edgewire,3/1/2025,2/18/2029,58946.86
Marketing Manager,Skipfire,3/18/2027,8/25/2027,474916.51
Statistician III,Voolith,9/28/2027,1/23/2028,150750.28
Database Administrator III,Minyx,6/17/2027,7/25/2026,537232.31
Community Outreach Specialist,Trupe,9/24/2027,3/27/2025,405519.16
Business Systems Development Analyst,Rhycero,1/28/2025,4/28/2024,218571.59
Administrative Officer,Geba,9/14/2026,11/30/2026,241031.97
Environmental Specialist,Roombo,11/14/2025,6/19/2029,284519.69
Software Test Engineer IV,Zoonoodle,2/15/2026,7/6/2024,474816.24
Director of Sales,Livetube,4/27/2024,6/10/2029,879233.38
Associate Professor,Voonder,10/14/2025,1/5/2027,194961.07
Desktop Support Technician,Tagfeed,3/9/2024,6/1/2024,883166.78
Information Systems Manager,Buzzshare,6/1/2027,2/16/2028,924798.51
Administrative Officer,Jabbersphere,8/23/2024,5/12/2028,223552.71
Office Assistant III,Pixoboo,4/28/2026,1/3/2029,727115.13
Accountant III,Skinder,10/18/2024,8/21/2024,776360.83
Occupational Therapist,JumpXS,10/17/2025,9/5/2025,870875.18
Analog Circuit Design manager,Rhyloo,10/31/2024,1/12/2030,664564.87
Statistician IV,Zoomlounge,1/15/2026,4/18/2029,919731.18
Pharmacist,Meevee,12/14/2024,11/12/2024,32256.63
Actuary,Brainverse,1/23/2025,9/16/2026,122811.61
Actuary,Meevee,1/25/2024,6/20/2025,974573.56
Account Executive,Kaymbo,7/11/2024,9/5/2029,512249.09
Project Manager,Skalith,7/7/2027,7/9/2026,25629.5
Senior Financial Analyst,Zoomzone,5/11/2027,12/11/2029,965342.51
Account Coordinator,Mynte,6/26/2024,11/25/2030,196382.84
Help Desk Operator,Quimba,5/29/2026,12/21/2026,19867.61
Nurse,Minyx,10/15/2026,10/24/2030,20429.17
Quality Control Specialist,Thoughtsphere,7/27/2024,10/18/2026,326871.89
Design Engineer,Dabjam,5/20/2025,3/15/2029,490417.63
Senior Developer,Skimia,6/13/2024,3/14/2030,758633.06
Graphic Designer,Devify,2/15/2025,9/5/2029,992469.68
Senior Quality Engineer,Skipstorm,9/23/2027,7/26/2026,870326.32
Speech Pathologist,Rhynyx,7/5/2026,10/28/2025,829666.23
Database Administrator III,Blogspan,5/24/2025,8/14/2026,909527.45
Nurse,Jabbersphere,12/9/2026,1/4/2028,850249.45
Project Manager,Flashset,7/20/2027,6/16/2027,593321.11
Structural Analysis Engineer,Dabshots,6/7/2026,10/7/2024,111186.38
Human Resources Assistant IV,Shufflebeat,6/10/2027,12/25/2024,523770.49
Biostatistician II,Abata,10/21/2025,9/13/2025,434641.64
Operator,Plambee,3/20/2026,11/26/2028,488781.33
Senior Financial Analyst,Snaptags,7/19/2026,10/27/2029,256805.93
Environmental Specialist,Devify,5/19/2027,2/9/2027,814936.76
Nurse,Youopia,6/1/2027,3/23/2029,428003.44
Marketing Assistant,Livepath,5/21/2027,7/27/2030,830401.56
Technical Writer,Avavee,11/14/2025,5/5/2030,710532.59
Research Nurse,Skinte,3/6/2027,12/10/2028,37144.94
Account Executive,Yotz,12/11/2024,12/19/2025,558733.62
Statistician II,Browsetype,1/10/2024,11/1/2025,231780.51
Help Desk Technician,Trilia,10/20/2027,3/4/2024,344353.34
Research Nurse,Brainlounge,6/28/2024,5/28/2028,855271.88
Senior Quality Engineer,Dabjam,3/7/2027,12/24/2028,676111.73
Engineer II,Muxo,4/16/2026,4/6/2029,882381.07
Staff Scientist,Dabshots,5/28/2024,9/18/2025,812338.34
Desktop Support Technician,LiveZ,11/11/2026,9/22/2025,948911.61
Product Engineer,Topicware,8/2/2024,11/5/2028,512093.43
Chemical Engineer,Blogtag,5/20/2024,11/6/2024,307702.75
Payment Adjustment Coordinator,Photolist,5/17/2026,6/13/2027,907849.41
Marketing Manager,Browseblab,5/27/2026,1/1/2027,750291.55
VP Quality Control,Quire,4/30/2027,9/10/2028,124837.64
Web Developer I,Abata,10/21/2024,10/10/2025,806449.0
Research Nurse,Shuffledrive,2/14/2024,5/20/2030,15213.1
Media Manager I,Quinu,3/26/2024,10/27/2030,861807.65
Food Chemist,Yacero,11/19/2024,8/3/2026,74826.93
Compensation Analyst,Realcube,11/21/2025,9/9/2030,231236.53
Sales Associate,Topiczoom,12/28/2024,12/24/2027,287052.98
GIS Technical Architect,Jamia,11/14/2025,7/8/2029,791076.47
Junior Executive,Wordify,4/17/2025,6/18/2028,408119.24
Legal Assistant,Fliptune,10/26/2026,8/9/2026,714735.42
Research Associate,Yodel,9/5/2026,12/22/2024,410433.13
Internal Auditor,Eidel,1/3/2026,7/29/2025,461134.85
Biostatistician III,Dabshots,2/23/2024,8/14/2024,438830.43
Nurse Practicioner,Fliptune,2/13/2024,3/11/2030,246345.44
Research Associate,Layo,11/27/2027,2/12/2027,415559.01
Cost Accountant,Meetz,9/22/2027,7/11/2030,332540.51
Clinical Specialist,Buzzbean,11/17/2025,10/13/2030,869582.74
Electrical Engineer,Tagcat,11/23/2027,10/15/2029,34773.89
Design Engineer,Flashdog,7/25/2024,3/29/2030,428307.66
Compensation Analyst,Nlounge,7/13/2024,1/17/2027,50055.88
Community Outreach Specialist,Yodoo,4/10/2026,12/23/2029,389083.38
Developer III,Skippad,2/28/2025,6/25/2028,57315.29
Social Worker,Vidoo,2/27/2026,1/29/2027,422340.3
Desktop Support Technician,Eayo,9/27/2027,1/1/2026,123953.15
Engineer I,Livetube,12/9/2026,11/10/2025,88702.64
Nurse Practicioner,Fliptune,3/24/2024,12/7/2029,333015.27
Programmer II,Brainverse,11/21/2027,9/7/2025,145336.34
Developer III,Zoombeat,6/1/2027,7/8/2029,877905.12
Data Coordinator,Browsebug,6/13/2024,4/18/2028,644545.86
Office Assistant I,Tagfeed,2/4/2027,6/3/2027,98805.29
Tax Accountant,Eamia,12/30/2026,7/23/2026,239805.09
Structural Analysis Engineer,Zoomlounge,5/13/2024,5/9/2029,62647.22
Web Designer III,Browsedrive,7/18/2027,9/2/2027,396315.87
Analyst Programmer,Kaymbo,8/22/2027,4/6/2025,203957.53
Administrative Officer,Blogtag,3/3/2027,9/1/2029,615685.29
Occupational Therapist,Aibox,2/17/2024,3/11/2030,901361.79
Associate Professor,Gabspot,1/12/2027,3/17/2026,326152.96
Business Systems Development Analyst,Thoughtstorm,1/1/2026,2/9/2025,608948.64
Internal Auditor,Innojam,2/3/2025,6/7/2024,229600.29
Analyst Programmer,Yakijo,7/26/2024,6/26/2025,354122.39
Assistant Professor,Topicware,9/14/2024,2/17/2030,140201.9
Assistant Professor,Twitterbeat,10/17/2025,8/18/2025,964433.62
Marketing Manager,Youtags,3/21/2026,4/29/2029,106776.25
Media Manager I,Fiveclub,6/23/2025,9/10/2029,69643.67
Recruiter,Blogtag,7/21/2027,1/30/2026,318804.93
Software Engineer I,Zoombox,1/4/2024,3/13/2026,157261.99
Product Engineer,Bubblemix,1/13/2024,9/15/2028,873707.7
Programmer Analyst IV,Fliptune,10/18/2027,8/5/2026,313027.85
Clinical Specialist,Tekfly,11/22/2027,5/6/2028,733791.48
Graphic Designer,Thoughtworks,11/29/2025,6/29/2030,376843.32
Nurse,Meevee,6/24/2024,2/16/2024,18883.27
Research Associate,Zooveo,4/13/2024,12/9/2026,949774.44
VP Product Management,Meetz,1/14/2026,3/4/2024,252604.35
Accounting Assistant II,Devbug,11/28/2026,6/10/2025,965206.69
Help Desk Operator,BlogXS,4/19/2024,5/8/2029,243307.99
Developer III,Midel,10/25/2026,12/25/2024,564366.39
Account Representative II,Gabcube,9/18/2024,8/13/2028,440929.55
Tax Accountant,Skivee,7/29/2026,8/6/2030,503029.44
Speech Pathologist,Pixope,2/18/2024,9/5/2030,984839.49
Programmer Analyst II,Gigabox,6/28/2024,7/31/2025,24935.45
Executive Secretary,DabZ,4/25/2024,6/30/2025,254093.52
Help Desk Operator,Babbleblab,1/6/2025,6/7/2025,872365.53
Data Coordinator,Skyvu,6/20/2026,8/6/2027,269735.14
Database Administrator IV,Skipstorm,3/10/2025,1/18/2025,469068.41
Payment Adjustment Coordinator,Skimia,10/20/2026,10/23/2024,254925.46
Internal Auditor,Skaboo,10/7/2026,11/11/2029,155735.17
Civil Engineer,Gigashots,10/3/2026,11/11/2024,540660.01
Financial Advisor,Kanoodle,11/2/2025,6/18/2027,146932.34
Social Worker,Zoomzone,4/22/2024,10/31/2026,290296.13
Staff Accountant IV,Fliptune,6/19/2025,2/3/2024,539547.83
GIS Technical Architect,Blogtags,3/16/2025,1/27/2026,793264.41
Staff Accountant III,Viva,9/6/2027,10/20/2027,29139.81
Sales Representative,Vinder,10/18/2024,7/20/2027,787137.9
Senior Financial Analyst,Miboo,11/11/2025,8/22/2029,636342.97
Legal Assistant,Camido,2/27/2026,9/19/2027,156071.98
Business Systems Development Analyst,Edgewire,1/9/2025,1/23/2026,485931.39
Research Nurse,Yakijo,6/15/2026,12/16/2026,465122.05
Desktop Support Technician,Skyba,12/6/2024,6/14/2030,113035.36
Structural Engineer,Skimia,3/14/2024,5/26/2028,590981.59
Legal Assistant,Browsebug,10/18/2024,7/17/2024,536062.52
Compensation Analyst,Youtags,9/14/2026,12/9/2026,182487.59
Analog Circuit Design manager,Yozio,7/5/2024,7/8/2028,466137.65
Recruiting Manager,Youfeed,1/26/2026,8/27/2029,104405.5
Systems Administrator IV,Voolia,7/25/2024,1/24/2028,166571.55
Executive Secretary,Roombo,5/16/2025,2/23/2029,336149.23
Mechanical Systems Engineer,Ntag,10/19/2024,5/26/2025,801550.46
GIS Technical Architect,Katz,10/11/2025,5/19/2028,341771.65
Actuary,Flipstorm,1/1/2027,9/4/2028,656034.79
Staff Scientist,Feedfish,6/26/2026,6/17/2026,890633.77
Physical Therapy Assistant,Skynoodle,7/17/2024,12/29/2026,987780.98
Structural Analysis Engineer,Feedfire,6/20/2024,1/8/2028,702168.24
Chief Design Engineer,Voolith,1/16/2024,3/10/2025,229472.75
Design Engineer,Livetube,6/11/2025,3/11/2024,919783.59
VP Product Management,Lajo,6/11/2026,5/16/2027,38578.29
Nurse,Wikivu,7/1/2026,5/27/2030,485486.81
Quality Engineer,Blogtags,1/10/2026,10/7/2024,71206.49
Geological Engineer,Plambee,7/25/2024,7/1/2030,248367.85
Cost Accountant,Pixoboo,2/20/2027,10/31/2024,148621.63
Biostatistician I,Myworks,3/24/2027,10/17/2029,968825.73
Budget/Accounting Analyst II,Ntag,8/1/2027,7/18/2030,44023.95
Statistician IV,Buzzbean,2/4/2024,7/2/2030,329461.74
Sales Associate,Flipstorm,6/18/2027,1/9/2025,108686.74
Compensation Analyst,Yombu,8/11/2024,10/6/2026,411768.16
Human Resources Assistant IV,Podcat,2/19/2027,9/2/2026,893297.0
Marketing Manager,Aibox,12/7/2026,5/17/2029,223303.45
Engineer III,Livefish,6/23/2025,7/19/2030,737949.14
Structural Engineer,Devpulse,11/19/2025,10/26/2029,968359.28
Budget/Accounting Analyst III,Oodoo,7/10/2025,9/7/2028,316657.71
Research Assistant II,Yadel,6/4/2026,11/25/2030,442078.8
Environmental Specialist,Skinix,4/1/2025,9/13/2029,259092.66
Senior Financial Analyst,Gabtune,1/20/2027,4/3/2025,49497.12
Safety Technician I,Shufflester,3/1/2027,11/11/2025,949527.55
Information Systems Manager,Vimbo,12/24/2026,11/28/2026,853989.44
Librarian,Yodel,6/19/2026,6/19/2027,245583.52
Actuary,Oloo,9/7/2026,1/23/2024,54947.94
Community Outreach Specialist,Wordify,12/23/2026,3/27/2028,836496.86
Professor,Nlounge,3/10/2027,2/6/2026,673448.04
Account Executive,Voonte,3/16/2026,1/24/2025,868246.32
Speech Pathologist,Youspan,7/31/2026,6/16/2024,127144.12
Marketing Assistant,Divanoodle,10/30/2025,12/28/2024,359919.16
Food Chemist,Fivechat,8/18/2025,10/23/2024,965517.78
Structural Analysis Engineer,Chatterbridge,12/8/2025,2/14/2025,432065.4
Software Consultant,Oyoloo,1/12/2024,6/13/2030,461879.31
Paralegal,Eire,5/19/2027,8/19/2027,547483.71
Programmer Analyst II,Youtags,2/1/2024,3/14/2024,414929.16
Administrative Assistant II,Fatz,7/20/2025,11/24/2028,454187.3
Mechanical Systems Engineer,Shufflester,6/13/2026,12/19/2024,98937.78
Structural Analysis Engineer,Jetpulse,11/27/2026,6/1/2030,905757.6
Sales Associate,Jaxspan,9/12/2027,6/14/2030,871774.2
Accountant I,Devpoint,7/31/2025,9/28/2024,555682.08
Registered Nurse,Edgeblab,3/3/2027,9/16/2025,19950.17
Accountant I,Ozu,2/7/2025,9/9/2024,806911.62
Analyst Programmer,Babbleblab,9/9/2024,4/26/2025,387694.22
Account Representative II,Ailane,1/12/2024,6/25/2024,501796.57
Occupational Therapist,Livetube,1/7/2026,3/14/2027,646364.76
VP Quality Control,Skaboo,5/12/2025,7/17/2027,185872.9
Chemical Engineer,Gabcube,6/23/2026,1/7/2030,430815.76
Graphic Designer,Zoozzy,4/29/2024,6/17/2028,282154.73
Help Desk Operator,Twitterworks,2/4/2024,9/29/2030,912015.01
Occupational Therapist,Avamm,9/24/2024,7/22/2028,684057.33
Clinical Specialist,Thoughtbridge,5/27/2026,6/3/2029,618123.61
Community Outreach Specialist,Meedoo,1/27/2024,5/5/2024,858841.99
VP Marketing,Geba,4/6/2024,9/14/2026,490677.55
Structural Engineer,Zoombeat,6/20/2025,6/7/2026,990457.41
Tax Accountant,Minyx,4/5/2024,8/11/2028,306277.4
Safety Technician IV,Meevee,4/8/2025,6/18/2024,231969.68
Technical Writer,Meetz,12/1/2024,7/28/2029,903167.45
Automation Specialist IV,Devpulse,5/16/2027,10/7/2024,59872.24
Technical Writer,Bubblebox,11/25/2026,5/22/2024,339025.98
Health Coach IV,Demimbu,1/13/2026,12/14/2030,159096.21
VP Quality Control,Twinte,11/30/2025,4/6/2030,727593.37
Speech Pathologist,Skiptube,8/18/2027,6/8/2027,741948.49
Nuclear Power Engineer,Tavu,10/30/2027,4/18/2025,401548.54
Marketing Assistant,Skaboo,3/7/2024,4/11/2030,497026.23
Physical Therapy Assistant,Twinder,10/16/2026,8/11/2028,179759.17
GIS Technical Architect,Voonyx,2/15/2025,7/2/2029,200980.94
Executive Secretary,Yakitri,6/30/2026,5/3/2025,985071.6
Budget/Accounting Analyst IV,Youspan,12/7/2027,1/13/2026,976692.65
Office Assistant II,Ooba,4/17/2027,2/15/2030,145211.16
Human Resources Assistant II,Linkbridge,2/19/2024,9/15/2024,363801.25
Analyst Programmer,JumpXS,1/16/2027,1/9/2027,354517.08
Senior Financial Analyst,Thoughtstorm,2/9/2024,8/22/2027,200505.6
Librarian,Devshare,6/4/2027,2/10/2029,362730.73
Speech Pathologist,Yamia,1/4/2027,2/24/2029,232302.96
Media Manager III,Meevee,8/1/2024,9/18/2028,756716.24
VP Sales,Photolist,12/26/2026,9/25/2024,259671.76
Software Engineer III,Quatz,3/19/2024,3/22/2024,151167.92
Human Resources Assistant II,Realbridge,9/11/2027,4/30/2027,672114.8
Technical Writer,Devshare,10/15/2024,5/24/2025,322374.98
Civil Engineer,Edgeblab,7/10/2026,10/13/2028,91945.39
Budget/Accounting Analyst IV,Skynoodle,8/7/2024,9/18/2026,573217.87
Sales Representative,Chatterbridge,2/18/2025,6/27/2026,672942.87
Assistant Media Planner,Browsecat,12/23/2025,7/29/2026,602321.73
Nurse,Youspan,9/15/2026,4/17/2028,414789.81
Senior Financial Analyst,Quimm,9/10/2026,7/20/2026,617931.33
Tax Accountant,Twinder,2/25/2027,5/25/2024,122788.99
Software Consultant,Realpoint,1/9/2025,8/20/2026,418487.76
Financial Advisor,Myworks,3/5/2025,9/18/2025,575469.13
Media Manager III,Kazio,1/8/2026,11/8/2024,562171.78
Environmental Specialist,Voonder,7/29/2025,3/24/2024,695684.36
Operator,Quire,8/18/2026,3/1/2029,294557.91
Software Consultant,Meedoo,6/4/2025,4/5/2030,767092.57
Analog Circuit Design manager,Zoombox,11/10/2025,9/30/2028,225158.45
Electrical Engineer,Zoonder,8/13/2026,8/24/2027,790199.34
Internal Auditor,Oloo,11/21/2027,11/11/2029,962200.48
Internal Auditor,Oyoloo,11/4/2025,4/26/2027,576146.12
Quality Control Specialist,Jaloo,9/27/2027,10/30/2029,673437.21
Assistant Manager,Jamia,6/11/2026,12/7/2025,981518.84
Engineer II,Jabberbean,2/23/2026,11/21/2030,162631.15
Human Resources Assistant IV,Wordtune,8/8/2026,3/17/2028,11678.46
Structural Analysis Engineer,Shufflester,12/6/2026,7/19/2028,842255.38
Human Resources Manager,Rhybox,1/6/2025,10/5/2025,648432.71
Occupational Therapist,Jazzy,9/17/2027,4/16/2024,1780.44
Staff Accountant II,Lazzy,1/29/2026,12/1/2025,507995.96
Geologist III,Eamia,9/9/2027,11/13/2028,892927.8
Analyst Programmer,Jazzy,2/23/2025,2/29/2024,951696.79
Legal Assistant,Thoughtstorm,7/24/2024,4/25/2028,206608.22
Recruiter,Roodel,11/2/2027,4/11/2024,847259.38
VP Sales,Meembee,8/12/2024,3/16/2025,31083.97
Nuclear Power Engineer,Layo,11/15/2027,6/28/2027,699161.21
Civil Engineer,Tazzy,10/14/2026,11/10/2029,292893.7
Chemical Engineer,Flipbug,6/22/2025,9/6/2025,731565.59
Sales Representative,Bluejam,1/7/2024,7/29/2025,678303.54
Operator,Kanoodle,5/17/2027,12/25/2028,197933.58
Structural Engineer,Flashdog,3/9/2027,11/7/2028,983794.17
Desktop Support Technician,Twitterworks,2/6/2025,10/20/2027,254250.82
Analog Circuit Design manager,Oba,1/6/2024,3/9/2030,206247.21
Health Coach II,Feedbug,12/29/2024,2/11/2024,264271.81
Database Administrator III,Riffwire,11/5/2027,2/23/2030,821942.85
Pharmacist,Feednation,12/16/2026,2/26/2028,712622.37
Junior Executive,Photofeed,5/21/2024,12/3/2027,546580.05
Financial Advisor,Vidoo,5/21/2025,1/16/2026,914261.82
Software Test Engineer IV,Tagtune,10/5/2027,5/4/2026,926018.68
Food Chemist,Miboo,6/16/2026,9/13/2028,495897.82
Accountant II,Youbridge,10/9/2027,8/19/2025,514005.93
Administrative Assistant II,Fivechat,3/14/2026,1/19/2030,324348.77
Media Manager II,Kwimbee,7/31/2024,11/27/2030,177788.67
Business Systems Development Analyst,Yodoo,6/28/2026,9/6/2025,766604.26
Geological Engineer,Realbuzz,11/9/2026,6/12/2026,133353.76
Systems Administrator IV,Podcat,11/21/2026,8/13/2026,164494.43
VP Quality Control,Jatri,5/23/2026,11/4/2030,395243.89
General Manager,Ailane,3/18/2025,8/13/2030,77955.21
Recruiting Manager,Mita,7/17/2024,11/27/2024,57253.52
Assistant Professor,Meevee,12/31/2025,11/16/2026,270550.22
Director of Sales,JumpXS,5/7/2024,10/4/2030,314338.29
Staff Accountant IV,Tagpad,4/1/2025,5/30/2027,935156.71
Teacher,Flashspan,6/14/2026,4/18/2024,627849.04
General Manager,Jamia,1/11/2027,1/12/2028,499730.51
Research Assistant I,Youspan,5/13/2025,2/10/2025,768974.44
Analyst Programmer,Jabbercube,6/3/2024,8/11/2027,383517.99
Software Engineer I,Twinder,7/26/2025,7/11/2029,224806.36
Staff Accountant I,Tazzy,5/31/2024,6/18/2029,961442.03
Nurse Practicioner,Yabox,7/20/2026,5/27/2027,724392.37
Data Coordinator,Gabcube,4/1/2025,6/9/2024,968420.85
Statistician II,Vitz,9/14/2027,8/13/2027,239854.8
VP Marketing,Dynabox,5/14/2026,6/19/2030,470499.74
Information Systems Manager,Cogibox,4/3/2024,4/28/2024,113496.25
Account Coordinator,Edgepulse,10/31/2025,10/20/2028,589401.22
Civil Engineer,Skyba,1/19/2027,4/20/2029,114178.43
Project Manager,Ainyx,4/1/2025,6/7/2024,122808.39
Food Chemist,Photobean,11/6/2027,9/14/2025,949233.53
Data Coordinator,Skyndu,3/20/2025,8/1/2029,700123.0
Technical Writer,Browsedrive,4/29/2027,7/8/2025,114825.91
Project Manager,Minyx,8/17/2026,10/10/2030,243445.96
Human Resources Manager,Buzzster,7/17/2024,9/30/2025,853776.35
Pharmacist,Blogpad,1/22/2024,4/30/2030,150966.43
Chief Design Engineer,Avaveo,12/26/2027,7/21/2026,134810.51
Data Coordinator,Zoombeat,12/21/2026,10/6/2028,496227.81
VP Quality Control,Fatz,4/16/2025,10/5/2029,688192.75
Account Executive,Tagcat,8/27/2027,12/25/2027,452279.52
Quality Control Specialist,Oloo,8/20/2024,12/28/2024,971152.46
Biostatistician IV,Cogilith,11/20/2026,10/29/2028,183893.93
Senior Cost Accountant,Topdrive,4/19/2026,4/24/2026,762168.68
Health Coach III,Twitterlist,7/8/2025,10/3/2027,606880.32
Civil Engineer,Voonyx,7/20/2026,9/27/2025,623188.58
Recruiting Manager,Youfeed,5/16/2025,2/29/2024,938085.29
Developer III,Tazzy,6/14/2024,10/31/2026,583953.68
Staff Scientist,Devpulse,8/27/2024,12/29/2024,447153.3
Graphic Designer,Skivee,9/17/2024,7/6/2026,333924.27
Office Assistant IV,Dazzlesphere,5/27/2027,6/18/2026,769569.4
Tax Accountant,Mydo,5/22/2027,11/30/2024,992599.76
Account Coordinator,Zazio,8/6/2025,1/24/2025,166988.74
Programmer I,Quatz,7/6/2026,1/15/2024,794743.45
Speech Pathologist,Topicstorm,3/10/2024,11/23/2028,899300.74
Professor,Rhycero,10/5/2027,9/5/2030,659160.95
VP Product Management,Katz,12/9/2024,11/12/2026,340634.36
Graphic Designer,Voolith,10/23/2027,9/24/2029,856972.77
Electrical Engineer,Yakidoo,5/11/2026,7/12/2027,103848.79
Recruiter,Kare,5/17/2025,7/12/2030,803251.68
Nurse,Linktype,8/28/2025,2/28/2028,574804.06
Product Engineer,Jayo,5/13/2024,8/27/2024,645236.48
Analyst Programmer,Quinu,3/30/2027,5/6/2026,644185.21
Mechanical Systems Engineer,Realcube,12/21/2026,4/24/2030,991576.83
Engineer IV,Zoombeat,3/18/2025,9/23/2028,50422.5
Junior Executive,Linkbridge,10/5/2025,1/6/2027,198240.5
Social Worker,Skipstorm,8/19/2027,3/10/2026,321732.57
Paralegal,Yoveo,10/19/2027,5/8/2029,161741.69
VP Accounting,Talane,3/25/2026,6/17/2030,339090.49
Cost Accountant,Avaveo,4/25/2026,1/21/2030,904828.91
Quality Engineer,Twimm,10/24/2027,9/18/2026,535905.21
Editor,Camido,9/7/2026,1/14/2029,542614.2
Associate Professor,Browseblab,5/21/2027,6/27/2024,215482.03
Community Outreach Specialist,Topicstorm,2/13/2026,2/17/2029,531085.3
Executive Secretary,Eamia,1/30/2026,6/4/2028,612965.67
Director of Sales,Dazzlesphere,11/13/2025,6/19/2030,114865.09
Nurse,Twimbo,6/13/2026,9/2/2028,623815.62
Dental Hygienist,Fivechat,1/23/2024,1/20/2027,402840.75
Geological Engineer,Divavu,7/6/2027,3/9/2026,355070.88
Community Outreach Specialist,Bubbletube,12/15/2025,5/19/2025,181464.69
Information Systems Manager,Cogibox,6/4/2025,6/10/2025,891173.6
Structural Engineer,Jazzy,5/24/2027,3/14/2028,406397.49
Sales Associate,Feedbug,6/4/2027,5/30/2029,614148.91
Research Nurse,Trudoo,10/19/2024,4/1/2029,427944.61
Analyst Programmer,Yadel,9/29/2024,3/10/2025,536302.61
Biostatistician III,Tagchat,1/18/2026,5/5/2024,273258.82
Tax Accountant,Youfeed,9/25/2025,3/22/2027,401562.95
Tax Accountant,Meevee,3/15/2026,8/5/2027,740434.81
Teacher,Vidoo,5/1/2027,12/12/2028,889862.29
Legal Assistant,Podcat,11/5/2026,9/13/2030,179630.96
Nurse Practicioner,Quimm,3/15/2026,11/3/2027,435525.86
Pharmacist,Kwimbee,10/30/2027,3/14/2026,358089.68
Physical Therapy Assistant,Kwilith,1/2/2025,12/22/2029,696623.51
Web Developer IV,Gigabox,1/24/2025,2/29/2028,456098.91
Product Engineer,Realbridge,4/19/2026,12/15/2029,561012.77
Pharmacist,Trilith,5/20/2026,12/15/2030,271402.52
Registered Nurse,Trudeo,8/24/2027,1/8/2024,52145.86
Recruiter,Photobean,7/29/2025,5/25/2030,204723.78
Senior Sales Associate,BlogXS,6/8/2026,11/9/2027,792918.66
Librarian,Gigabox,4/9/2024,9/16/2028,229829.37
Web Designer II,Edgepulse,4/2/2025,2/15/2025,898824.7
Director of Sales,Blogtag,12/3/2025,3/10/2024,722308.45
Chief Design Engineer,Trilith,9/19/2026,8/17/2026,254314.46
Cost Accountant,Agimba,7/9/2024,5/13/2025,187239.1
Health Coach I,Kwimbee,3/16/2024,3/23/2027,676471.53
Paralegal,Rhycero,7/15/2026,3/26/2028,676825.22
Product Engineer,Skalith,6/4/2027,6/14/2025,681865.61
Editor,Vidoo,10/19/2025,11/22/2027,237628.75
Legal Assistant,Brainverse,2/14/2024,1/11/2024,325611.85
Research Nurse,Jaxspan,12/29/2024,1/29/2024,713120.09
Teacher,Twitterworks,6/13/2026,4/17/2027,210465.68
Programmer Analyst I,Kwilith,12/17/2024,3/26/2025,465210.51
Programmer Analyst I,Dablist,1/10/2027,8/21/2025,960057.75
Sales Associate,Bluezoom,11/29/2027,8/6/2024,145641.6
Senior Sales Associate,Cogidoo,10/1/2026,3/24/2028,111416.38
Database Administrator IV,Quinu,1/10/2025,11/16/2027,126105.85
Chemical Engineer,Ntag,1/4/2026,3/13/2024,812541.42
Account Coordinator,Feednation,9/15/2024,11/17/2025,957370.36
Director of Sales,Miboo,5/7/2026,6/24/2024,246821.61
Developer I,Skajo,8/19/2024,12/16/2027,253485.45
Account Representative IV,Avamm,10/29/2024,8/11/2027,474638.96
Social Worker,Zoovu,9/5/2027,2/13/2030,210204.99
Paralegal,Wikido,12/12/2025,11/30/2028,325196.83
Systems Administrator III,Einti,12/30/2027,4/9/2027,591856.81
Recruiter,Babbleblab,10/20/2024,11/4/2028,686608.14
Biostatistician I,Feednation,8/28/2025,11/8/2025,501652.94
Quality Engineer,Voonyx,7/5/2025,2/29/2028,949770.14
Assistant Media Planner,Brainsphere,4/8/2024,5/20/2027,51812.53
Sales Associate,Livefish,6/19/2025,5/6/2026,668828.96
Clinical Specialist,Oyoyo,12/9/2025,7/13/2029,266049.78
Engineer IV,Skiba,10/18/2027,7/31/2028,330165.64
Programmer Analyst I,Skivee,9/6/2027,6/1/2030,122546.03
Chief Design Engineer,Buzzbean,1/5/2027,9/3/2027,574477.55
Sales Associate,Youbridge,5/3/2027,11/19/2028,73935.4
Structural Engineer,Skilith,12/12/2025,7/11/2025,386041.42
Operator,Midel,6/18/2024,5/14/2026,382362.43
Structural Engineer,Dazzlesphere,2/14/2025,9/11/2025,167068.27
Marketing Manager,Photolist,3/18/2024,5/19/2026,296681.42
Senior Developer,Dabjam,8/30/2027,12/10/2028,856427.63
Account Executive,Fatz,6/11/2025,10/24/2028,517064.17
Web Designer IV,Chatterpoint,3/5/2026,11/1/2029,1871.59
Programmer IV,Jetpulse,12/6/2027,11/24/2026,386853.87
VP Sales,Riffwire,2/19/2024,1/30/2024,111392.16
Internal Auditor,Jayo,11/30/2027,10/31/2024,476040.74
Paralegal,Jamia,8/14/2026,1/25/2030,551284.2
Recruiting Manager,Tambee,1/19/2025,12/14/2024,360609.01
Research Assistant III,Viva,3/15/2026,7/27/2025,494005.71
VP Marketing,Browsebug,9/25/2027,11/18/2029,316482.32
Librarian,Yozio,10/27/2025,8/22/2025,321511.89
Senior Developer,Skinte,11/23/2024,8/20/2030,697020.16
Marketing Assistant,Tavu,8/10/2024,5/17/2029,387558.51
Senior Financial Analyst,Dynazzy,3/10/2026,10/1/2025,474994.21
Environmental Specialist,Buzzbean,1/19/2025,2/28/2026,230418.91
Research Associate,Mydeo,9/29/2025,2/5/2025,534050.96
Software Test Engineer I,Flashset,11/11/2025,5/6/2024,798653.4
Office Assistant I,Innotype,2/1/2024,2/7/2026,351647.64
Database Administrator III,Jabberbean,2/20/2026,5/25/2025,602734.99
Operator,Digitube,1/30/2024,10/6/2026,885502.54
Office Assistant II,Bubbletube,9/11/2026,9/3/2026,522306.96
Occupational Therapist,Fanoodle,11/30/2025,6/17/2026,132126.71
Civil Engineer,Jaxworks,9/20/2027,2/22/2029,861906.32
Office Assistant IV,Livefish,4/17/2024,2/23/2026,443125.8
Internal Auditor,Linkbridge,9/3/2027,5/11/2029,606534.7
Biostatistician II,Topdrive,10/13/2027,8/11/2024,403074.82
Research Assistant III,Yakitri,12/18/2026,10/10/2025,751048.88
Budget/Accounting Analyst III,Oyoba,1/21/2027,3/18/2027,501860.62
Help Desk Technician,Photojam,9/25/2025,5/20/2029,31002.49
Dental Hygienist,Meevee,5/26/2025,2/5/2028,368454.01
Systems Administrator II,Photojam,7/30/2024,3/10/2029,530717.2
Librarian,Buzzshare,6/10/2027,2/22/2026,574503.58
Financial Advisor,Rhybox,12/6/2025,8/11/2024,650411.82
Design Engineer,Blogtags,11/2/2027,5/15/2030,630050.66
VP Marketing,Jazzy,10/27/2026,6/17/2029,472008.77
Business Systems Development Analyst,Dabtype,7/27/2026,11/28/2029,136192.08
GIS Technical Architect,Trudeo,3/13/2025,1/15/2025,22893.25
Sales Representative,Edgeclub,9/8/2026,3/8/2026,982728.98
Professor,Flashset,1/6/2024,11/23/2029,489059.03
Financial Analyst,Skimia,1/3/2024,5/16/2025,508591.05
Dental Hygienist,Ntag,12/14/2027,1/29/2030,998070.97
Executive Secretary,Skippad,5/25/2025,8/29/2029,857948.45
GIS Technical Architect,Blogpad,2/18/2026,7/14/2027,383731.51
Structural Analysis Engineer,Browsebug,8/8/2027,1/21/2024,84771.17
Administrative Officer,Brightdog,2/28/2024,1/18/2026,79572.6
Geological Engineer,Pixoboo,7/7/2027,1/20/2026,814830.34
Data Coordinator,Quaxo,12/4/2024,7/31/2025,121050.13
Financial Advisor,Gigazoom,10/19/2026,4/7/2024,630730.92
Staff Accountant IV,Fiveclub,8/4/2024,8/23/2024,487742.26
Physical Therapy Assistant,Jabberbean,2/8/2027,11/6/2024,245452.35
Structural Engineer,Thoughtworks,8/25/2026,8/1/2030,87962.05
Developer I,Rhynyx,10/29/2024,8/21/2029,274164.73
Compensation Analyst,Blognation,4/2/2025,7/4/2025,617869.58
Dental Hygienist,Kwideo,11/19/2027,12/16/2029,688046.07
Editor,Tambee,8/17/2027,4/28/2025,894686.08
Assistant Professor,Bluejam,7/1/2026,10/4/2029,780042.1
Budget/Accounting Analyst I,Browsebug,11/19/2027,9/27/2029,472461.78
Chemical Engineer,Innojam,2/4/2026,2/6/2024,14766.52
Account Executive,Flashspan,9/23/2026,10/23/2026,277965.63
Geologist IV,Jaloo,3/2/2025,1/11/2030,211492.81
Database Administrator II,Trudoo,8/16/2026,3/7/2024,777559.3
VP Quality Control,Topicware,3/6/2024,6/17/2026,673961.67
Office Assistant II,Demimbu,8/22/2024,4/12/2025,534615.05
Cost Accountant,Youtags,7/25/2027,7/18/2028,325717.67
Occupational Therapist,Blognation,10/18/2026,6/19/2027,674632.09
Environmental Tech,Tazz,12/5/2026,12/4/2024,148941.53
Tax Accountant,Zoomcast,11/7/2024,5/29/2027,100865.8
Software Engineer I,Fanoodle,6/6/2027,5/30/2027,120407.01
Marketing Manager,Babbleopia,2/28/2026,3/2/2027,869822.35
VP Marketing,Npath,3/5/2025,9/4/2025,66270.97
Clinical Specialist,Teklist,9/11/2027,10/22/2024,834257.66
Programmer IV,Yacero,7/7/2027,12/30/2029,96100.08
Biostatistician IV,Katz,12/7/2025,9/9/2026,498244.04
Paralegal,Skinte,3/16/2026,3/8/2025,852281.77
Recruiting Manager,Agimba,11/28/2024,1/7/2026,173631.32
VP Sales,Oyoloo,4/16/2026,3/28/2027,975112.87
Associate Professor,Wikizz,4/1/2024,6/1/2025,515697.3
GIS Technical Architect,Zoozzy,9/30/2026,1/21/2026,303028.94
Research Nurse,Aimbu,5/24/2027,2/11/2027,853683.71
Research Assistant IV,Gabspot,11/6/2025,3/13/2025,113428.83
GIS Technical Architect,Zooxo,5/23/2024,2/18/2030,435934.88
Administrative Officer,Feedbug,8/19/2025,6/27/2029,848523.12
Civil Engineer,Riffwire,2/11/2027,5/6/2025,349720.9
Cost Accountant,Blognation,6/5/2025,6/26/2029,76999.61
Graphic Designer,Skinte,9/28/2025,5/10/2028,851202.68
Paralegal,Voomm,5/3/2024,6/11/2026,95103.45
Help Desk Operator,Zava,10/3/2025,10/8/2024,701664.01
Technical Writer,Npath,4/28/2025,9/15/2028,696817.83
Desktop Support Technician,Brainverse,9/20/2025,12/25/2030,421568.7
Budget/Accounting Analyst IV,Dabjam,3/31/2026,8/4/2027,306354.79
Chief Design Engineer,Skaboo,11/4/2027,11/27/2028,492629.94
Assistant Manager,Jaloo,7/15/2025,2/25/2026,78515.42
Help Desk Technician,Rhynoodle,5/4/2024,12/6/2027,522865.51
Internal Auditor,Aivee,4/17/2024,4/23/2029,222582.64
Help Desk Technician,Youopia,8/6/2027,4/15/2028,925755.0
Associate Professor,Demimbu,10/5/2024,7/26/2025,43440.21
Graphic Designer,Talane,9/24/2027,1/21/2027,360025.19
Senior Sales Associate,Plambee,8/23/2026,3/2/2025,63434.01
Design Engineer,Wikido,3/15/2027,11/4/2028,97244.73
Assistant Media Planner,Gabtype,8/21/2024,7/7/2029,735481.27
Information Systems Manager,Buzzster,9/18/2027,2/13/2026,187302.19
VP Marketing,Kwinu,4/22/2026,5/27/2029,389469.86
Accountant IV,DabZ,7/2/2024,2/26/2026,185177.35
Editor,Fivebridge,1/25/2024,6/3/2030,42398.18
Account Representative I,Skinte,5/28/2024,9/24/2025,6130.14
Cost Accountant,Dazzlesphere,3/18/2025,1/13/2030,787629.71
Professor,Tagchat,1/3/2026,11/5/2025,916276.85
Sales Representative,Demizz,1/13/2027,3/7/2026,357349.55
Dental Hygienist,Edgepulse,8/29/2027,6/11/2026,779823.65
GIS Technical Architect,Topicstorm,4/4/2025,12/19/2028,400100.04
Database Administrator III,Gabvine,4/27/2025,12/3/2027,885207.97
Help Desk Technician,Kare,1/22/2026,6/28/2027,273134.81
Mechanical Systems Engineer,Viva,6/5/2027,12/24/2025,974395.43
Executive Secretary,Dabjam,8/11/2025,5/30/2029,975960.42
Account Coordinator,Yoveo,7/9/2026,9/18/2029,713661.85
Junior Executive,Chatterpoint,12/10/2027,10/20/2028,352530.82
Quality Control Specialist,Jatri,1/9/2024,10/1/2024,610447.84
Executive Secretary,Browsetype,1/22/2024,2/13/2029,402708.38
Project Manager,Camido,8/17/2024,4/13/2029,363482.73
Assistant Professor,Devcast,5/11/2026,8/31/2028,345428.95
Account Executive,Skimia,4/25/2025,2/23/2024,413435.78
Health Coach III,Wikivu,3/3/2026,3/11/2027,819436.69
Director of Sales,Chatterbridge,7/23/2026,5/16/2030,593023.22
Director of Sales,Dynazzy,1/5/2027,8/3/2028,696994.9
Statistician IV,Twitterworks,4/17/2027,8/10/2024,133017.28
Senior Editor,Divavu,10/12/2024,11/8/2027,240287.93
Budget/Accounting Analyst II,Skynoodle,7/4/2025,5/20/2028,697848.5
VP Sales,Twitterworks,11/22/2024,1/9/2029,851064.4
Automation Specialist II,Mita,8/17/2026,2/11/2027,330021.7
Director of Sales,Oodoo,6/18/2024,8/12/2030,501944.6
Food Chemist,Meeveo,12/25/2025,2/21/2027,933062.28
Database Administrator II,Realblab,5/22/2026,5/27/2024,956392.56
Teacher,Oyondu,4/3/2026,10/25/2025,374019.41
Human Resources Assistant IV,DabZ,3/9/2027,11/17/2024,2447.0
Structural Engineer,Quimba,12/29/2027,12/18/2028,34808.24
Help Desk Operator,Pixonyx,10/22/2026,8/3/2025,984757.17
Editor,Realfire,4/3/2027,2/24/2027,432711.01
Design Engineer,Trupe,6/8/2024,6/26/2027,786403.15
Software Test Engineer IV,Quatz,9/20/2024,8/6/2028,991627.28
Senior Sales Associate,Oyoyo,5/30/2027,3/15/2026,853185.8
Geologist IV,Kare,9/26/2025,8/27/2028,805952.93
Geologist III,Bubbletube,7/3/2027,7/15/2024,812977.7
Safety Technician I,Roodel,1/31/2026,4/13/2028,605631.05
Senior Cost Accountant,Jabbersphere,11/2/2025,5/12/2024,366547.88
Dental Hygienist,Edgepulse,2/24/2026,11/13/2030,602877.51
Recruiting Manager,Quinu,4/6/2025,2/21/2025,424337.26
Senior Developer,Minyx,4/18/2027,5/30/2024,151380.52
Account Coordinator,Linkbuzz,7/1/2024,10/10/2027,566053.73
Director of Sales,Trilia,8/10/2026,8/7/2025,178538.07
Budget/Accounting Analyst I,Yakidoo,10/11/2026,6/2/2026,358527.58
Software Engineer III,Quatz,8/15/2025,5/18/2029,297364.71
Software Test Engineer I,Mybuzz,10/29/2024,10/3/2025,268940.21
General Manager,Bubblebox,7/13/2024,3/11/2026,593473.15
Physical Therapy Assistant,Eimbee,7/31/2025,11/7/2030,483504.62
Media Manager III,Mybuzz,4/23/2027,6/22/2027,846835.93
Account Coordinator,Flashpoint,8/15/2027,5/24/2027,377629.68
Web Developer II,Blognation,2/12/2026,12/20/2029,963936.17
Senior Financial Analyst,Mydeo,10/29/2027,4/18/2028,230716.78
Food Chemist,Skinte,5/17/2027,1/10/2027,264087.11
Structural Analysis Engineer,Quinu,3/25/2024,9/26/2024,846432.05
VP Sales,Jabbersphere,6/7/2025,6/5/2027,768417.57
Paralegal,Blogspan,11/2/2026,5/9/2026,91940.75
VP Marketing,Miboo,6/13/2024,8/8/2026,467586.25
Graphic Designer,Tambee,6/23/2027,6/6/2030,304801.74
Desktop Support Technician,Fadeo,7/12/2025,8/17/2029,654756.57
Structural Engineer,Livetube,7/30/2024,9/3/2028,664346.43
Web Developer I,Zoonoodle,3/9/2027,11/13/2024,730878.63
Social Worker,Skajo,8/29/2024,7/6/2030,130516.6
Nurse Practicioner,Fivebridge,7/13/2024,3/8/2026,405942.33
Internal Auditor,Bubblemix,7/13/2026,6/3/2025,707387.36
Senior Sales Associate,Twinder,1/9/2026,8/13/2030,455597.99
Human Resources Manager,Twitterbeat,10/22/2025,2/21/2030,569478.38
GIS Technical Architect,Jetpulse,10/6/2024,4/10/2029,322321.43
Engineer III,Yombu,7/2/2024,12/15/2030,122760.43
Quality Engineer,Edgewire,10/6/2026,1/19/2028,320833.1
Recruiter,Youbridge,6/9/2024,5/15/2028,228530.15
Physical Therapy Assistant,Bubblebox,5/21/2025,7/11/2026,43489.19
Software Engineer I,Skaboo,1/6/2025,11/5/2027,969705.41
Assistant Media Planner,Trudoo,9/16/2027,12/16/2029,789371.52
Internal Auditor,Rhyzio,12/15/2024,11/24/2026,684484.6
Paralegal,Voomm,11/16/2026,5/24/2024,573050.07
Operator,Gigaclub,7/13/2026,12/10/2027,730768.76
Computer Systems Analyst II,Devpoint,12/14/2026,5/20/2026,147346.91
Director of Sales,Oyope,8/31/2027,12/15/2027,90198.93
Nuclear Power Engineer,Camido,5/19/2027,10/18/2025,50505.01
Office Assistant I,Eamia,10/29/2024,12/16/2030,181712.82
Executive Secretary,Twitterworks,3/17/2025,12/2/2029,95536.62
Clinical Specialist,Jabbersphere,3/23/2027,9/16/2026,886757.31
Associate Professor,Zoomlounge,3/13/2024,11/21/2026,651392.36
Chemical Engineer,Skinder,12/8/2026,9/23/2024,715205.03
Biostatistician III,Oyoloo,10/11/2026,5/6/2027,593627.47
GIS Technical Architect,Omba,6/29/2025,10/13/2027,808814.75
Geologist I,Nlounge,5/4/2027,3/5/2024,865957.26
Chemical Engineer,Flashdog,10/4/2025,3/22/2029,302024.25
Cost Accountant,Skaboo,1/19/2024,10/22/2028,213317.36
Account Representative I,Bubblemix,4/9/2024,5/22/2026,486235.65
Chemical Engineer,Brainsphere,1/11/2027,10/7/2024,458740.33
Systems Administrator III,Thoughtbridge,2/16/2026,4/28/2028,639244.23
Environmental Tech,Feedfish,10/16/2024,1/30/2027,675169.57
Biostatistician III,Jetwire,1/24/2024,1/16/2026,332305.23
Desktop Support Technician,Demizz,5/8/2025,10/21/2028,878698.88
Actuary,Nlounge,8/28/2024,4/28/2029,113986.13
Associate Professor,Yodoo,6/26/2025,4/15/2024,868302.03
Help Desk Technician,Topicblab,4/6/2027,1/26/2030,244529.4
Registered Nurse,Demizz,12/2/2027,9/6/2024,264218.96
Software Consultant,Photobug,4/30/2027,6/18/2028,624847.11
Project Manager,Jabbersphere,10/10/2025,4/1/2024,147191.78
Editor,Browsezoom,3/30/2025,7/13/2024,307892.25
Marketing Manager,Mydeo,4/21/2024,9/7/2028,19295.7
Marketing Manager,Blognation,11/25/2026,12/3/2029,554259.03
Teacher,Plambee,3/29/2026,6/13/2030,755918.98
Paralegal,Cogidoo,3/6/2026,6/22/2027,116110.72
Biostatistician IV,Blogspan,5/30/2027,6/24/2029,810739.96
Speech Pathologist,Livefish,10/8/2024,2/3/2025,928430.07
Structural Analysis Engineer,Twitterlist,10/22/2025,12/15/2025,34741.25
Cost Accountant,Nlounge,9/21/2024,6/16/2030,148368.14
Structural Engineer,Skalith,11/20/2024,2/15/2024,391593.35
Quality Engineer,Tavu,10/27/2027,3/18/2030,558370.59
Community Outreach Specialist,Skinte,5/15/2027,8/17/2024,143777.22
Help Desk Operator,Kwideo,2/24/2027,3/19/2028,603078.7
Web Designer II,Skyvu,11/28/2025,5/29/2025,772264.14
Biostatistician III,Ntag,9/8/2027,8/6/2028,463631.34
Structural Engineer,Zooxo,7/20/2026,5/10/2028,126360.74
Director of Sales,Linklinks,3/22/2026,3/9/2029,951168.77
Junior Executive,Jetwire,7/31/2024,5/26/2026,778843.33
Community Outreach Specialist,Zoozzy,2/8/2026,6/4/2030,311315.22
Geological Engineer,Wordify,10/3/2025,5/3/2027,201644.71
Desktop Support Technician,Divanoodle,2/25/2024,12/28/2026,831267.74
Human Resources Assistant III,Yabox,4/29/2024,10/14/2026,78497.63
Accounting Assistant III,Vitz,2/8/2024,11/26/2029,671416.12
Administrative Officer,Snaptags,7/6/2025,6/27/2029,542284.77
Internal Auditor,Photobean,1/13/2024,5/7/2028,902957.09
Pharmacist,Gabtune,6/10/2026,6/12/2024,470666.4
Systems Administrator I,Thoughtbridge,1/1/2027,3/26/2030,803905.2
Office Assistant I,Yakijo,8/16/2024,10/17/2024,535520.67
Quality Control Specialist,Gabspot,10/31/2025,3/26/2029,265036.96
Civil Engineer,Youtags,3/15/2024,2/10/2026,252029.04
Senior Developer,Jayo,5/11/2024,2/20/2030,221480.81
Quality Engineer,Flashdog,10/4/2024,12/22/2025,668958.1
Software Test Engineer I,Twiyo,9/11/2027,12/2/2027,520717.87
Recruiting Manager,Npath,10/23/2027,3/19/2030,776126.43
Internal Auditor,Zoonder,6/30/2024,5/10/2027,643736.12
Office Assistant IV,Edgeify,6/4/2027,12/12/2028,420634.07
Account Coordinator,Fanoodle,2/29/2024,9/10/2025,142435.31
Programmer Analyst IV,Tagchat,6/5/2027,7/19/2027,49051.28
Senior Sales Associate,Gabvine,4/19/2024,6/1/2024,354819.18
Environmental Tech,Jetwire,8/16/2026,5/22/2025,144688.68
Environmental Tech,Gigashots,9/19/2024,6/15/2028,566457.3
Legal Assistant,Oyoloo,7/2/2026,4/12/2024,969743.98
Business Systems Development Analyst,Quatz,2/23/2024,12/25/2028,372626.17
Account Representative I,Lazzy,5/3/2025,2/12/2029,888224.83
VP Quality Control,Oyoloo,1/30/2026,4/22/2030,652380.55
Computer Systems Analyst IV,Voolia,1/9/2027,9/8/2024,29359.73
Staff Accountant I,Tagtune,11/21/2026,12/31/2028,578179.88
Chemical Engineer,Skaboo,8/31/2026,5/13/2027,575116.0
Staff Accountant II,Teklist,8/21/2027,10/2/2028,757207.91
Research Nurse,Tazz,11/8/2026,11/30/2028,539981.41
Editor,Edgeclub,8/1/2027,10/1/2027,731847.32
Actuary,Jayo,6/1/2026,7/10/2029,76303.54
Programmer Analyst II,Pixope,11/1/2024,10/12/2024,722780.36
Administrative Assistant IV,Topiclounge,9/26/2026,5/11/2028,721656.5
Structural Engineer,Muxo,12/17/2027,12/19/2026,810670.64
Safety Technician III,Wikizz,10/3/2027,2/27/2025,692315.79
Administrative Officer,Meevee,8/10/2027,3/8/2025,782937.64
Software Test Engineer I,Fivebridge,9/17/2024,10/4/2027,191580.33
Account Executive,Zoombeat,1/19/2024,3/9/2027,487876.3
Research Assistant III,Aimbu,2/8/2025,12/6/2028,789436.23
VP Sales,Eazzy,1/8/2026,4/22/2030,104711.18
Director of Sales,Zava,2/14/2024,6/11/2030,171335.41
Social Worker,Youtags,5/13/2024,11/15/2027,618160.21
Help Desk Technician,Skippad,11/12/2026,12/14/2026,787785.62
Graphic Designer,Kwilith,9/22/2025,12/2/2027,136697.32
Desktop Support Technician,Buzzster,12/3/2025,5/11/2030,660278.73
Physical Therapy Assistant,Rhynyx,12/23/2025,12/17/2028,281328.29
Junior Executive,Roombo,7/30/2027,11/21/2024,61304.21
Pharmacist,Tavu,5/23/2026,5/27/2025,757215.51
Systems Administrator IV,Pixoboo,8/25/2027,7/12/2027,893685.85
Staff Accountant I,Flashset,10/4/2025,6/3/2029,785432.34
VP Quality Control,Wordpedia,10/16/2027,11/24/2025,476178.6
Account Representative I,Kazu,12/25/2025,5/24/2027,848884.63
Civil Engineer,Yamia,5/17/2025,9/26/2030,353518.91
Research Associate,Feedspan,10/26/2024,3/2/2030,940387.39
Junior Executive,Omba,12/22/2024,1/23/2028,618177.3
Senior Editor,Twitterbridge,7/18/2025,11/12/2024,764268.07
Professor,Brightdog,2/26/2024,3/11/2024,709701.86
Payment Adjustment Coordinator,Zoonder,7/9/2027,8/2/2030,205434.91
Tax Accountant,Eazzy,7/23/2026,5/21/2028,99191.49
Sales Representative,Camido,5/1/2027,6/1/2028,980418.68
VP Quality Control,Photolist,9/2/2026,4/9/2027,832664.28
Desktop Support Technician,Mycat,10/19/2026,3/9/2024,268410.23
Electrical Engineer,Edgepulse,1/8/2026,10/19/2030,288054.78
Account Representative IV,Jabbertype,4/16/2026,12/25/2030,670517.71
Health Coach III,Blogtags,1/22/2024,7/24/2024,773309.58
Payment Adjustment Coordinator,Leexo,4/23/2027,2/27/2024,162416.23
Editor,Thoughtsphere,5/29/2025,11/25/2025,441395.69
Director of Sales,Buzzshare,8/2/2027,10/20/2026,329780.27
Recruiting Manager,Tambee,2/15/2024,1/13/2027,459547.1
Chemical Engineer,Geba,6/26/2025,6/17/2027,722749.71
Editor,Topiczoom,2/2/2025,9/23/2029,927276.75
Executive Secretary,Shufflebeat,8/11/2025,3/8/2027,410273.85
Software Consultant,Mynte,4/4/2025,8/10/2027,228393.92
Help Desk Technician,Demimbu,8/15/2027,12/25/2025,993838.71
Quality Control Specialist,Skaboo,2/22/2025,9/14/2028,593054.92
General Manager,Jaxspan,11/7/2027,9/2/2025,410822.37
Executive Secretary,Dabvine,4/22/2027,9/12/2028,888356.85
Community Outreach Specialist,Twitterlist,10/11/2026,6/26/2024,877857.42
Desktop Support Technician,Roombo,5/11/2026,4/4/2027,957275.5
VP Product Management,Babbleopia,11/5/2025,9/14/2028,744856.03
Quality Engineer,Twimm,10/26/2024,10/1/2024,968384.96
Operator,Jaxnation,5/4/2025,9/8/2030,104913.7
VP Sales,Omba,8/17/2026,3/28/2025,915244.76
Administrative Assistant I,Skynoodle,2/10/2027,4/22/2026,807975.17
Director of Sales,Jabbersphere,6/22/2026,12/5/2028,652330.21
Computer Systems Analyst IV,Oba,5/13/2026,5/22/2029,343100.48
Accounting Assistant IV,DabZ,6/2/2026,1/5/2029,433923.91
Nuclear Power Engineer,Mita,2/23/2027,7/22/2028,833448.15
Quality Engineer,Avavee,6/12/2026,4/13/2026,538632.39
Mechanical Systems Engineer,Jabberstorm,12/27/2025,7/15/2024,932380.48
Safety Technician IV,Jaxworks,2/17/2026,9/17/2026,829395.29
Administrative Assistant IV,Browsecat,5/28/2026,1/6/2026,204818.97
Help Desk Operator,Dynabox,11/26/2026,1/15/2025,332930.24
Graphic Designer,Tagfeed,3/18/2025,5/28/2027,589833.66
Accounting Assistant IV,Topicware,2/1/2025,1/2/2029,770691.32
Director of Sales,Oyondu,2/10/2026,12/27/2024,399525.38
Desktop Support Technician,Photojam,2/15/2027,1/8/2029,996020.49
Senior Sales Associate,Voonyx,11/5/2024,5/30/2024,688002.49
Automation Specialist II,Youspan,8/3/2027,6/18/2028,379461.65
Financial Advisor,Livepath,1/28/2024,5/1/2024,262891.27
Clinical Specialist,Talane,9/18/2027,12/21/2027,386440.26
GIS Technical Architect,Trilia,4/16/2026,2/16/2029,634206.48
VP Quality Control,Izio,8/20/2025,4/27/2029,80702.85
Budget/Accounting Analyst I,Devbug,1/3/2025,10/19/2026,703267.44
Human Resources Assistant I,Voomm,11/10/2027,4/7/2028,550742.77
Nurse,Feedfire,12/17/2025,1/15/2024,466252.93
Systems Administrator II,Eidel,1/19/2026,10/31/2026,618358.81
Professor,Thoughtbridge,2/27/2024,5/16/2029,341337.8
Help Desk Operator,Cogibox,2/11/2025,6/24/2030,62274.06
Human Resources Assistant II,Youspan,10/11/2027,4/24/2027,409157.09
Payment Adjustment Coordinator,Quinu,9/24/2024,6/11/2024,653210.28
Graphic Designer,Zazio,4/12/2025,9/17/2026,478702.8
Speech Pathologist,Mynte,3/2/2026,8/4/2026,837154.01
Quality Control Specialist,Viva,6/15/2025,8/5/2026,738046.0
Account Coordinator,Twitterbridge,10/11/2024,10/22/2024,998528.37
Paralegal,Dynazzy,9/3/2026,8/17/2027,236393.12
Desktop Support Technician,Zoomdog,8/13/2024,8/14/2024,177414.12
Marketing Assistant,Riffpedia,5/18/2026,9/14/2025,343306.81
Actuary,Browsezoom,2/6/2024,8/22/2025,914635.23
Budget/Accounting Analyst II,Gabtune,3/14/2024,12/3/2026,12084.71
Executive Secretary,Linkbuzz,12/19/2024,4/27/2024,758896.39
